uid,physical_degree_centrality,physical_clustering_coef,physical_betweenness,behavioral_degree_centrality,behavioral_clustering_coef,behavioral_betweenness,educational_degree_centrality,educational_clustering_coef,educational_betweenness,physical_degree_centrality_z,behavioral_degree_centrality_z,educational_degree_centrality_z,has_physical_layer,has_behavioral_layer,has_educational_layer,layer_coverage,cross_layer_activity,degree_variance_z,avg_zscore,participation_coefficient,overlapping_degree,layer_entropy,ema_mood_mean,ema_response_count,peer_avg_mood,peer_avg_stress,total_neighbors
u00,,,,0.22222222222222224,0.6666666666666666,0.0,,,,,-0.5842712664520514,,0,1,0,1,,,,,,,,,,,10
u01,0.9333333333333333,0.9074074074074074,0.22278946241030886,0.22222222222222224,0.9111111111111111,0.00101010101010101,0.022727272727272728,0.0,0.0,0.5001080597119705,-0.5842712664520514,-4.695577329534708,1,1,1,3,1.0,5.008206970153729,-1.5932468454249298,0.33661535261880227,1.0,0.8300777965180356,,,,,32
u02,0.9,0.9344729344729344,0.0,0.24444444444444446,0.5272727272727272,0.007070707070707071,0.9545454545454546,1.0,0.0027808457497536113,0.3278486169222919,-0.4382034498390385,0.2128307004888261,1,1,1,3,2.0,0.11376781722034734,0.03415862252402651,0.5957767380162127,2.0,1.402083900042828,,,,,45
u03,,,,0.22222222222222224,0.7333333333333333,0.0,0.9545454545454546,1.0,0.003191009604684908,,-0.5842712664520514,0.2128307004888261,0,1,1,2,1.0,0.15884288642525393,-0.18572028298161264,0.3063604045018329,1.0,0.69904103994259,,,,,42
u04,0.9666666666666667,0.8620689655172413,0.012370631426576299,0.2888888888888889,0.6282051282051282,0.0030303030303030303,0.9545454545454546,1.0,0.003191009604684908,0.6723675025016492,-0.1460678166130127,0.2128307004888261,1,1,1,3,2.0,0.11220206550626555,0.24637679545915422,0.6050691155680478,2.0,1.4286523576009584,,,,,46
u05,0.8666666666666667,0.9846153846153847,0.0,0.2888888888888889,0.8076923076923077,0.0,0.9545454545454546,1.0,0.0018946251810388903,0.15558917413261322,-0.1460678166130127,0.2128307004888261,1,1,1,3,2.0,0.024786853109243844,0.07411735266947554,0.6079248455689275,2.0,1.4377246969088027,,,,,44
u07,0.8666666666666667,0.9446153846153846,0.0,0.22222222222222224,0.7555555555555555,0.00101010101010101,0.9545454545454546,1.0,0.002613937994106566,0.15558917413261322,-0.5842712664520514,0.2128307004888261,1,1,1,3,2.0,0.13178240106474878,-0.07195046394353737,0.5900850061172443,2.0,1.3858852955580327,,,,,44
u08,0.8666666666666667,0.9415384615384615,0.0,0.26666666666666666,0.5757575757575758,0.00202020202020202,0.9545454545454546,1.0,0.0026169150320907108,0.15558917413261322,-0.29213563322602576,0.2128307004888261,1,1,1,3,2.0,0.05096945484992651,0.025428080465137854,0.6023664426052355,2.0,1.4219687205262153,,,,,46
u09,0.9666666666666667,0.8620689655172413,0.01319254238729816,0.33333333333333337,0.6761904761904762,0.0,0.9545454545454546,1.0,0.003191009604684908,0.6723675025016492,0.14606781661301307,0.2128307004888261,1,1,1,3,3.0,0.05473585715934055,0.34375533986782947,0.6150458145450342,3.0,1.4565583835936513,,,,,45
u10,0.9666666666666667,0.8669950738916257,0.018764173419379464,0.2888888888888889,0.5128205128205128,0.00202020202020202,0.9545454545454546,1.0,0.0018946251810388903,0.6723675025016492,-0.1460678166130127,0.2128307004888261,1,1,1,3,2.0,0.11220206550626555,0.24637679545915422,0.6050691155680478,2.0,1.4286523576009584,,,,,45
u12,0.7333333333333333,0.9956709956709957,4.682140931157828,0.2888888888888889,0.5769230769230769,0.00202020202020202,0.9545454545454546,1.0,0.0017319971114340763,-0.5334485970261019,-0.1460678166130127,0.2128307004888261,1,1,1,3,1.0,0.09286720050119192,-0.1555619043834295,0.6078443301550531,1.0,1.4433489253171434,,,,,45
u13,,,,0.3111111111111111,0.5934065934065934,0.02297979797979798,0.9545454545454546,1.0,0.002103724796469868,,0.0,0.2128307004888261,0,1,1,2,1.0,0.011324226767641101,0.10641535024441305,0.3707749446022284,2.0,0.8045694263039029,,,,,43
u14,0.9,0.9572649572649573,0.21762567753683512,0.2888888888888889,0.782051282051282,0.00202020202020202,0.9545454545454546,1.0,0.0031658409748651153,0.3278486169222919,-0.1460678166130127,0.2128307004888261,1,1,1,3,2.0,0.04073711696149083,0.13153716693270176,0.6072068478779378,2.0,1.4350806338213986,,,,,44
u15,0.9666666666666667,0.8669950738916257,0.15930028677228744,0.4666666666666667,0.5285714285714286,0.014141414141414142,0.9545454545454546,1.0,0.003191009604684908,0.6723675025016492,1.02247471629109,0.2128307004888261,1,1,1,3,3.0,0.1099191739862216,0.6358909730938552,0.6381283980519982,3.0,1.517241823453837,,,,,44
u16,0.9333333333333333,0.9074074074074074,0.009018045277003468,0.37777777777777777,0.7132352941176471,0.00505050505050505,0.9545454545454546,1.0,0.0031658409748651153,0.5001080597119705,0.4382034498390385,0.2128307004888261,1,1,1,3,3.0,0.015239259777268565,0.38371407001327834,0.6249933165031787,3.0,1.4833780678932786,,,,,45
u17,,,,0.37777777777777777,0.6544117647058824,0.0101010101010101,0.9545454545454546,1.0,0.0026169150320907108,,0.4382034498390385,0.2128307004888261,0,1,1,2,2.0,0.012698219037418412,0.3255170751639323,0.40629718679749693,2.0,0.860240472787976,,,,,43
u18,0.9333333333333333,0.9074074074074074,0.01739431688499916,0.26666666666666666,0.6212121212121212,0.2641414141414141,0.9545454545454546,1.0,0.0026169150320907108,0.5001080597119705,-0.29213563322602576,0.2128307004888261,1,1,1,3,2.0,0.10724103870085298,0.14026770899159027,0.6007426002084977,2.0,1.4162503870791838,,,,,44
u19,0.9,0.9316239316239316,0.1323499213978954,0.13333333333333333,0.6,0.04722222222222222,0.9545454545454546,1.0,0.0018946251810388903,0.3278486169222919,-1.1685425329041028,0.2128307004888261,1,1,1,3,2.0,0.46228973381265454,-0.2092877384976616,0.559948505353956,2.0,1.287249724298173,,,,,44
u20,0.3333333333333333,0.9333333333333333,7.937226601906722,0.4,0.46405228758169936,0.013131313131313131,0.9545454545454546,1.0,0.002103724796469868,-2.600561910502246,0.5842712664520515,0.2128307004888261,1,1,1,3,2.0,2.0218120491834495,-0.6011533145204561,0.5850139726477764,2.0,1.4194507201496882,,,,,42
u22,0.8666666666666667,0.9846153846153847,0.0,0.2,0.6944444444444444,0.07727272727272727,0.9545454545454546,1.0,0.0018946251810388903,0.15558917413261322,-0.7303390830650642,0.2128307004888261,1,1,1,3,2.0,0.1864127455388884,-0.12063973614787497,0.5833185356347315,2.0,1.3651955149203119,,,,,44
u23,,,,0.22222222222222224,0.9555555555555556,0.0,0.9545454545454546,1.0,0.002103724796469868,,-0.5842712664520514,0.2128307004888261,0,1,1,2,1.0,0.15884288642525393,-0.18572028298161264,0.3063604045018329,1.0,0.69904103994259,,,,,43
u24,0.9,0.9572649572649573,0.19673527262000895,0.4444444444444445,0.45263157894736844,0.0,0.9545454545454546,1.0,0.0026740764990125124,0.3278486169222919,0.8764068996780773,0.2128307004888261,1,1,1,3,3.0,0.08383096475679164,0.4723620723630651,0.6369802879284411,3.0,1.5145434805823492,,,,,47
u25,0.9666666666666667,0.8669950738916257,0.247018278110585,0.26666666666666666,0.8484848484848485,0.00101010101010101,0.9545454545454546,1.0,0.003191009604684908,0.6723675025016492,-0.29213563322602576,0.2128307004888261,1,1,1,3,2.0,0.1551590410464566,0.19768752325481653,0.5995848712026458,2.0,1.4128423786557744,,,,,46
u27,0.8666666666666667,0.9692307692307692,0.0,0.24444444444444446,0.8,0.0,0.9545454545454546,1.0,0.003191009604684908,0.15558917413261322,-0.4382034498390385,0.2128307004888261,1,1,1,3,2.0,0.08663463750176144,-0.023261191739199726,0.596426850628583,2.0,1.4047440635002442,,,,,44
u30,0.9333333333333333,0.9126984126984127,0.0,0.5555555555555556,0.4066666666666667,0.09267676767676768,0.9545454545454546,1.0,0.00183731814698767,0.5001080597119705,1.6067459827431416,0.2128307004888261,1,1,1,3,3.0,0.3611306208794551,0.7732282476479794,0.6497855871279475,3.0,1.5459554717341537,,,,,47
u31,,,,0.08888888888888889,1.0,0.0,0.9545454545454546,1.0,0.0026422542294931442,,-1.4606781661301285,0.2128307004888261,0,1,1,2,1.0,0.7001579816630645,-0.6239237328206512,0.15586328787945503,1.0,0.42020331621495954,,,,,42
u32,0.8333333333333334,0.9966666666666667,0.00617475908089377,0.5777777777777778,0.4707692307692308,0.09015151515151515,0.9545454545454546,1.0,0.00311550371522553,-0.016670268657065435,1.7528137993561546,0.2128307004888261,1,1,1,3,2.0,0.617254722954282,0.6496580770626385,0.6534464036591671,2.0,1.5552700017353818,,,,,45
u33,0.9,0.905982905982906,0.9633103096936969,,,,0.045454545454545456,0.0,0.04545454545454548,0.3278486169222919,,-4.575860060509744,1,0,1,2,1.0,6.011589698280563,-2.124005721793726,0.0915310650887573,1.0,0.2781710079264944,,,,,27
u34,,,,0.5777777777777778,0.5015384615384615,0.014141414141414142,0.9545454545454546,1.0,0.002103724796469868,,1.7528137993561546,0.2128307004888261,0,1,1,2,2.0,0.592886986199255,0.9828222499224903,0.4697715063166774,2.0,0.9559390912788661,,,,,44
u35,,,,0.37777777777777777,0.7205882352941176,0.0,0.9545454545454546,1.0,0.002103724796469868,,0.4382034498390385,0.2128307004888261,0,1,1,2,2.0,0.012698219037418412,0.3255170751639323,0.40629718679749693,2.0,0.860240472787976,,,,,43
u36,0.26666666666666666,1.0,2.1487095467414927,0.2,0.6666666666666666,0.30757575757575756,,,,-2.9450807960816032,-0.7303390830650642,,1,1,0,2,0.0,1.2262702138438584,-1.8377099395733336,0.4897959183673469,0.0,0.9852281360342515,,,,,15
u39,,,,0.22222222222222224,0.9333333333333333,0.04242424242424243,,,,,-0.5842712664520514,,0,1,0,1,,,,,,,,,,,10
u41,,,,0.8,0.3634920634920635,0.029292929292929294,0.9545454545454546,1.0,0.0018946251810388903,,3.2134919654862832,0.2128307004888261,0,1,1,2,2.0,2.2509920068140348,1.7131613329875546,0.49612070122687846,2.0,0.9943960953249456,,,,,45
u42,0.26666666666666666,1.0,8.614593111537895,0.4666666666666667,0.5952380952380952,0.023989898989898988,0.9545454545454546,1.0,0.002103724796469868,-2.9450807960816032,1.02247471629109,0.2128307004888261,1,1,1,3,2.0,2.9299361329172275,-0.5699251264338957,0.5787738236062002,2.0,1.398435428472725,,,,,45
u43,0.9,0.9116809116809117,0.14142555534652115,0.24444444444444446,0.43636363636363634,0.33484848484848484,0.9545454545454546,1.0,0.003191009604684908,0.3278486169222919,-0.4382034498390385,0.2128307004888261,1,1,1,3,2.0,0.11376781722034734,0.03415862252402651,0.5957767380162127,2.0,1.402083900042828,,,,,44
u44,,,,0.17777777777777778,0.5357142857142857,0.08409090909090909,0.9545454545454546,1.0,0.0026740764990125124,,-0.8764068996780772,0.2128307004888261,0,1,1,2,1.0,0.29660963740433866,-0.3317880995946255,0.26470567170735326,1.0,0.627090540113513,,,,,42
u45,,,,0.4444444444444445,0.6421052631578947,0.012121212121212121,0.9545454545454546,1.0,0.002103724796469868,,0.8764068996780773,0.2128307004888261,0,1,1,2,2.0,0.11008334303261319,0.5446188000834516,0.4335257855569602,2.0,0.9018511890893872,,,,,43
u46,0.9333333333333333,0.9074074074074074,0.007537875272716128,0.13333333333333333,0.8,0.0030303030303030303,0.9545454545454546,1.0,0.0018946251810388903,0.5001080597119705,-1.1685425329041028,0.2128307004888261,1,1,1,3,2.0,0.5305683434771813,-0.1518679242344354,0.5593844756782029,2.0,1.284637746467848,,,,,45
u47,0.6,0.9215686274509803,7.437530990632424,0.33333333333333337,0.6666666666666666,0.06111111111111111,0.9545454545454546,1.0,0.0026740764990125124,-1.2224863681848166,0.14606781661301307,0.2128307004888261,1,1,1,3,2.0,0.4375036585574407,-0.2878626170276591,0.6121676040697809,2.0,1.464769404299334,,,,,45
u49,0.8666666666666667,0.9846153846153847,0.0,0.11111111111111112,0.9,0.0030303030303030303,0.9545454545454546,1.0,0.003191009604684908,0.15558917413261322,-1.3146103495171158,0.2128307004888261,1,1,1,3,2.0,0.4997599325469703,-0.3153968249652255,0.5515075682409596,2.0,1.258360237478473,,,,,45
u50,,,,0.4666666666666667,0.43333333333333335,0.0808080808080808,0.9545454545454546,1.0,0.0026740764990125124,,1.02247471629109,0.2128307004888261,0,1,1,2,2.0,0.16388085808110417,0.6176527083899581,0.441078191133883,2.0,0.9132401614300725,,,,,45
u51,,,,0.6222222222222222,0.4470899470899471,0.1159090909090909,0.9545454545454546,1.0,0.002103724796469868,,2.04494943258218,0.2128307004888261,0,1,1,2,2.0,0.8391647621218399,1.128890066535503,0.47778961973898537,2.0,0.9677156486111373,,,,,45
u52,,,,,,,0.9545454545454546,1.0,0.0018946251810388903,,,0.2128307004888261,0,0,1,1,,,,,,,,,,,42
u53,,,,0.2,0.6666666666666666,0.0,0.9545454545454546,1.0,0.0026169150320907108,,-0.7303390830650642,0.2128307004888261,0,1,1,2,1.0,0.2223923101522731,-0.25875419128811905,0.28644057288114566,1.0,0.6650368524023751,,,,,42
u54,0.9333333333333333,0.8862433862433863,0.08502946324820515,0.022222222222222223,0.0,0.0,0.9772727272727273,0.9534883720930233,0.09191042971945391,0.5001080597119705,-1.8988816159691673,0.33254796951379023,1,1,1,3,2.0,1.1958339825356175,-0.35540852891446884,0.5110405765315399,2.0,1.0786887366213582,,,,,44
u56,,,,0.15555555555555556,0.5714285714285714,0.25075757575757573,,,,,-1.02247471629109,,0,1,0,1,,,,,,,,,,,7
u57,0.9,0.9572649572649573,0.01974347144350757,,,,0.9545454545454546,1.0,0.0026469718207450437,0.3278486169222919,,0.2128307004888261,1,0,1,2,2.0,0.0033072802751739298,0.270339658705559,0.4995674740484428,2.0,0.9993759069576511,,,,,44
u58,,,,0.24444444444444446,0.9090909090909091,0.007070707070707071,0.9545454545454546,1.0,0.002103724796469868,,-0.4382034498390385,0.2128307004888261,0,1,1,2,1.0,0.10596136622328114,-0.11268637467510619,0.3246203429599941,1.0,0.7296113435021232,,,,,42
u59,0.9666666666666667,0.8669950738916257,0.0,0.4,0.43137254901960786,0.30757575757575756,0.9545454545454546,1.0,0.003191009604684908,0.6723675025016492,0.5842712664520515,0.2128307004888261,1,1,1,3,3.0,0.03965590147259559,0.48982315648084235,0.6277669082207937,3.0,1.4906455253475392,,,,,47
