source,target,weight
u35,u02,1.0
u35,u03,1.0
u35,u04,1.0
u35,u05,1.0
u35,u07,1.0
u35,u08,1.0
u35,u09,1.0
u35,u10,1.0
u35,u12,1.0
u35,u13,2.0
u35,u14,1.0
u35,u15,1.0
u35,u16,1.0
u35,u17,1.0
u35,u18,1.0
u35,u19,1.0
u35,u20,2.0
u35,u22,1.0
u35,u23,2.0
u35,u24,1.0
u35,u25,1.0
u35,u27,1.0
u35,u30,1.0
u35,u31,1.0
u35,u32,1.0
u35,u34,2.0
u35,u41,1.0
u35,u42,2.0
u35,u43,1.0
u35,u44,1.0
u35,u45,2.0
u35,u46,1.0
u35,u47,1.0
u35,u49,1.0
u35,u50,1.0
u35,u51,2.0
u35,u52,1.0
u35,u53,1.0
u35,u54,1.0
u35,u57,1.0
u35,u58,2.0
u35,u59,1.0
u42,u02,1.0
u42,u03,1.0
u42,u04,1.0
u42,u05,1.0
u42,u07,1.0
u42,u08,1.0
u42,u09,1.0
u42,u10,1.0
u42,u12,1.0
u42,u13,2.0
u42,u14,1.0
u42,u15,1.0
u42,u16,1.0
u42,u17,1.0
u42,u18,1.0
u42,u19,1.0
u42,u20,2.0
u42,u22,1.0
u42,u23,2.0
u42,u24,1.0
u42,u25,1.0
u42,u27,1.0
u42,u30,1.0
u42,u31,1.0
u42,u32,1.0
u42,u34,2.0
u42,u41,1.0
u42,u43,1.0
u42,u44,1.0
u42,u45,2.0
u42,u46,1.0
u42,u47,1.0
u42,u49,1.0
u42,u50,1.0
u42,u51,2.0
u42,u52,1.0
u42,u53,1.0
u42,u54,1.0
u42,u57,1.0
u42,u58,2.0
u42,u59,1.0
u09,u02,1.0
u09,u03,1.0
u09,u04,1.0
u09,u05,1.0
u09,u07,1.0
u09,u08,1.0
u09,u10,1.0
u09,u12,1.0
u09,u13,1.0
u09,u14,1.0
u09,u15,1.0
u09,u16,1.0
u09,u17,1.0
u09,u18,1.0
u09,u19,1.0
u09,u20,1.0
u09,u22,1.0
u09,u23,1.0
u09,u24,1.0
u09,u25,1.0
u09,u27,1.0
u09,u30,1.0
u09,u31,1.0
u09,u32,1.0
u09,u34,1.0
u09,u41,1.0
u09,u43,1.0
u09,u44,1.0
u09,u45,1.0
u09,u46,1.0
u09,u47,1.0
u09,u49,1.0
u09,u50,1.0
u09,u51,1.0
u09,u52,1.0
u09,u53,1.0
u09,u54,1.0
u09,u57,1.0
u09,u58,1.0
u09,u59,1.0
u14,u02,1.0
u14,u03,1.0
u14,u04,1.0
u14,u05,1.0
u14,u07,1.0
u14,u08,1.0
u14,u10,1.0
u14,u12,1.0
u14,u13,1.0
u14,u15,1.0
u14,u16,2.0
u14,u17,1.0
u14,u18,1.0
u14,u19,1.0
u14,u20,1.0
u14,u22,1.0
u14,u23,1.0
u14,u24,1.0
u14,u25,1.0
u14,u27,1.0
u14,u30,1.0
u14,u31,1.0
u14,u32,1.0
u14,u34,1.0
u14,u41,1.0
u14,u43,1.0
u14,u44,1.0
u14,u45,1.0
u14,u46,1.0
u14,u47,1.0
u14,u49,1.0
u14,u50,1.0
u14,u51,1.0
u14,u52,1.0
u14,u53,1.0
u14,u54,1.0
u14,u57,1.0
u14,u58,1.0
u14,u59,1.0
u34,u02,1.0
u34,u03,1.0
u34,u04,1.0
u34,u05,1.0
u34,u07,1.0
u34,u08,1.0
u34,u10,1.0
u34,u12,1.0
u34,u13,2.0
u34,u15,1.0
u34,u16,1.0
u34,u17,1.0
u34,u18,1.0
u34,u19,1.0
u34,u20,2.0
u34,u22,1.0
u34,u23,2.0
u34,u24,1.0
u34,u25,1.0
u34,u27,1.0
u34,u30,1.0
u34,u31,1.0
u34,u32,1.0
u34,u41,1.0
u34,u43,1.0
u34,u44,1.0
u34,u45,2.0
u34,u46,1.0
u34,u47,1.0
u34,u49,1.0
u34,u50,1.0
u34,u51,2.0
u34,u52,1.0
u34,u53,1.0
u34,u54,1.0
u34,u57,1.0
u34,u58,2.0
u34,u59,1.0
u47,u02,1.0
u47,u03,1.0
u47,u04,1.0
u47,u05,1.0
u47,u07,2.0
u47,u08,1.0
u47,u10,1.0
u47,u12,1.0
u47,u13,1.0
u47,u15,1.0
u47,u16,1.0
u47,u17,1.0
u47,u18,1.0
u47,u19,1.0
u47,u20,1.0
u47,u22,1.0
u47,u23,1.0
u47,u24,2.0
u47,u25,1.0
u47,u27,1.0
u47,u30,1.0
u47,u31,1.0
u47,u32,1.0
u47,u41,1.0
u47,u43,1.0
u47,u44,2.0
u47,u45,1.0
u47,u46,1.0
u47,u49,1.0
u47,u50,2.0
u47,u51,1.0
u47,u52,1.0
u47,u53,1.0
u47,u54,1.0
u47,u57,2.0
u47,u58,1.0
u47,u59,1.0
u17,u02,1.0
u17,u03,1.0
u17,u04,1.0
u17,u05,1.0
u17,u07,1.0
u17,u08,2.0
u17,u10,1.0
u17,u12,2.0
u17,u13,1.0
u17,u15,1.0
u17,u16,1.0
u17,u18,2.0
u17,u19,1.0
u17,u20,1.0
u17,u22,1.0
u17,u23,1.0
u17,u24,1.0
u17,u25,1.0
u17,u27,1.0
u17,u30,1.0
u17,u31,1.0
u17,u32,1.0
u17,u41,1.0
u17,u43,1.0
u17,u44,1.0
u17,u45,1.0
u17,u46,1.0
u17,u49,1.0
u17,u50,1.0
u17,u51,1.0
u17,u52,1.0
u17,u53,2.0
u17,u54,1.0
u17,u57,1.0
u17,u58,1.0
u17,u59,1.0
u22,u02,1.0
u22,u03,1.0
u22,u04,1.0
u22,u05,2.0
u22,u07,1.0
u22,u08,1.0
u22,u10,2.0
u22,u12,2.0
u22,u13,1.0
u22,u15,1.0
u22,u16,1.0
u22,u18,1.0
u22,u19,2.0
u22,u20,1.0
u22,u23,1.0
u22,u24,1.0
u22,u25,1.0
u22,u27,1.0
u22,u30,2.0
u22,u31,1.0
u22,u32,1.0
u22,u41,2.0
u22,u43,1.0
u22,u44,1.0
u22,u45,1.0
u22,u46,2.0
u22,u49,1.0
u22,u50,1.0
u22,u51,1.0
u22,u52,2.0
u22,u53,1.0
u22,u54,1.0
u22,u57,1.0
u22,u58,1.0
u22,u59,1.0
u25,u02,1.0
u25,u03,1.0
u25,u04,1.0
u25,u05,1.0
u25,u07,1.0
u25,u08,1.0
u25,u10,1.0
u25,u12,1.0
u25,u13,1.0
u25,u15,1.0
u25,u16,1.0
u25,u18,1.0
u25,u19,1.0
u25,u20,1.0
u25,u23,1.0
u25,u24,1.0
u25,u27,1.0
u25,u30,1.0
u25,u31,1.0
u25,u32,1.0
u25,u41,1.0
u25,u43,1.0
u25,u44,1.0
u25,u45,1.0
u25,u46,1.0
u25,u49,1.0
u25,u50,1.0
u25,u51,1.0
u25,u52,1.0
u25,u53,1.0
u25,u54,1.0
u25,u57,1.0
u25,u58,1.0
u25,u59,1.0
u32,u02,1.0
u32,u03,1.0
u32,u04,1.0
u32,u05,1.0
u32,u07,1.0
u32,u08,1.0
u32,u10,1.0
u32,u12,1.0
u32,u13,1.0
u32,u15,1.0
u32,u16,1.0
u32,u18,1.0
u32,u19,1.0
u32,u20,1.0
u32,u23,1.0
u32,u24,1.0
u32,u27,1.0
u32,u30,1.0
u32,u31,1.0
u32,u41,1.0
u32,u43,1.0
u32,u44,1.0
u32,u45,1.0
u32,u46,1.0
u32,u49,1.0
u32,u50,1.0
u32,u51,1.0
u32,u52,1.0
u32,u53,1.0
u32,u54,2.0
u32,u57,1.0
u32,u58,1.0
u32,u59,1.0
u49,u02,1.0
u49,u03,1.0
u49,u04,1.0
u49,u05,1.0
u49,u07,1.0
u49,u08,1.0
u49,u10,1.0
u49,u12,1.0
u49,u13,1.0
u49,u15,1.0
u49,u16,1.0
u49,u18,1.0
u49,u19,1.0
u49,u20,1.0
u49,u23,1.0
u49,u24,1.0
u49,u27,1.0
u49,u30,1.0
u49,u31,1.0
u49,u41,1.0
u49,u43,1.0
u49,u44,1.0
u49,u45,1.0
u49,u46,1.0
u49,u50,1.0
u49,u51,1.0
u49,u52,1.0
u49,u53,1.0
u49,u54,1.0
u49,u57,1.0
u49,u58,1.0
u49,u59,1.0
u04,u02,1.0
u04,u03,1.0
u04,u05,1.0
u04,u07,1.0
u04,u08,1.0
u04,u10,1.0
u04,u12,1.0
u04,u13,1.0
u04,u15,1.0
u04,u16,1.0
u04,u18,1.0
u04,u19,1.0
u04,u20,1.0
u04,u23,1.0
u04,u24,1.0
u04,u27,1.0
u04,u30,1.0
u04,u31,1.0
u04,u41,1.0
u04,u43,1.0
u04,u44,1.0
u04,u45,1.0
u04,u46,1.0
u04,u50,1.0
u04,u51,1.0
u04,u52,1.0
u04,u53,1.0
u04,u54,1.0
u04,u57,1.0
u04,u58,1.0
u04,u59,1.0
u12,u02,1.0
u12,u03,1.0
u12,u05,2.0
u12,u07,1.0
u12,u08,2.0
u12,u10,2.0
u12,u13,1.0
u12,u15,1.0
u12,u16,1.0
u12,u18,3.0
u12,u19,2.0
u12,u20,1.0
u12,u23,1.0
u12,u24,1.0
u12,u27,1.0
u12,u30,2.0
u12,u31,1.0
u12,u41,2.0
u12,u43,1.0
u12,u44,1.0
u12,u45,1.0
u12,u46,2.0
u12,u50,1.0
u12,u51,1.0
u12,u52,2.0
u12,u53,2.0
u12,u54,1.0
u12,u57,1.0
u12,u58,1.0
u12,u59,1.0
u27,u02,1.0
u27,u03,1.0
u27,u05,1.0
u27,u07,1.0
u27,u08,1.0
u27,u10,1.0
u27,u13,1.0
u27,u15,1.0
u27,u16,1.0
u27,u18,1.0
u27,u19,1.0
u27,u20,1.0
u27,u23,1.0
u27,u24,1.0
u27,u30,1.0
u27,u31,1.0
u27,u41,1.0
u27,u43,1.0
u27,u44,1.0
u27,u45,1.0
u27,u46,1.0
u27,u50,1.0
u27,u51,1.0
u27,u52,1.0
u27,u53,1.0
u27,u54,1.0
u27,u57,1.0
u27,u58,1.0
u27,u59,1.0
u07,u02,2.0
u07,u31,2.0
u07,u03,1.0
u07,u05,1.0
u07,u08,1.0
u07,u10,1.0
u07,u13,1.0
u07,u15,1.0
u07,u16,1.0
u07,u18,1.0
u07,u19,1.0
u07,u20,1.0
u07,u23,1.0
u07,u24,2.0
u07,u30,1.0
u07,u41,1.0
u07,u43,1.0
u07,u44,2.0
u07,u45,1.0
u07,u46,1.0
u07,u50,2.0
u07,u51,1.0
u07,u52,1.0
u07,u53,1.0
u07,u54,1.0
u07,u57,2.0
u07,u58,1.0
u07,u59,1.0
u46,u02,1.0
u46,u03,1.0
u46,u05,2.0
u46,u08,1.0
u46,u10,2.0
u46,u13,1.0
u46,u15,1.0
u46,u16,1.0
u46,u18,1.0
u46,u19,2.0
u46,u20,1.0
u46,u23,1.0
u46,u24,1.0
u46,u30,2.0
u46,u31,1.0
u46,u41,2.0
u46,u43,1.0
u46,u44,1.0
u46,u45,1.0
u46,u50,1.0
u46,u51,1.0
u46,u52,2.0
u46,u53,1.0
u46,u54,1.0
u46,u57,1.0
u46,u58,1.0
u46,u59,1.0
u41,u02,1.0
u41,u03,1.0
u41,u05,2.0
u41,u08,1.0
u41,u10,2.0
u41,u13,1.0
u41,u15,1.0
u41,u16,1.0
u41,u18,1.0
u41,u19,2.0
u41,u20,1.0
u41,u23,1.0
u41,u24,1.0
u41,u30,2.0
u41,u31,1.0
u41,u43,1.0
u41,u44,1.0
u41,u45,1.0
u41,u50,1.0
u41,u51,1.0
u41,u52,2.0
u41,u53,1.0
u41,u54,1.0
u41,u57,1.0
u41,u58,1.0
u41,u59,1.0
u51,u02,1.0
u51,u03,1.0
u51,u05,1.0
u51,u08,1.0
u51,u10,1.0
u51,u13,2.0
u51,u15,1.0
u51,u16,1.0
u51,u18,1.0
u51,u19,1.0
u51,u20,2.0
u51,u23,2.0
u51,u24,1.0
u51,u30,1.0
u51,u31,1.0
u51,u43,1.0
u51,u44,1.0
u51,u45,2.0
u51,u50,1.0
u51,u52,1.0
u51,u53,1.0
u51,u54,1.0
u51,u57,1.0
u51,u58,2.0
u51,u59,1.0
u08,u02,1.0
u08,u03,1.0
u08,u05,1.0
u08,u10,1.0
u08,u13,1.0
u08,u15,1.0
u08,u16,1.0
u08,u18,2.0
u08,u19,1.0
u08,u20,1.0
u08,u23,1.0
u08,u24,1.0
u08,u30,1.0
u08,u31,1.0
u08,u43,1.0
u08,u44,1.0
u08,u45,1.0
u08,u50,1.0
u08,u52,1.0
u08,u53,2.0
u08,u54,1.0
u08,u57,1.0
u08,u58,1.0
u08,u59,1.0
u15,u02,1.0
u15,u03,1.0
u15,u05,1.0
u15,u10,1.0
u15,u13,1.0
u15,u16,1.0
u15,u18,1.0
u15,u19,1.0
u15,u20,1.0
u15,u23,1.0
u15,u24,1.0
u15,u30,1.0
u15,u31,1.0
u15,u43,1.0
u15,u44,1.0
u15,u45,1.0
u15,u50,1.0
u15,u52,1.0
u15,u53,1.0
u15,u54,1.0
u15,u57,1.0
u15,u58,1.0
u15,u59,1.0
u45,u02,1.0
u45,u03,1.0
u45,u05,1.0
u45,u10,1.0
u45,u13,2.0
u45,u16,1.0
u45,u18,1.0
u45,u19,1.0
u45,u20,2.0
u45,u23,2.0
u45,u24,1.0
u45,u30,1.0
u45,u31,1.0
u45,u43,1.0
u45,u44,1.0
u45,u50,1.0
u45,u52,1.0
u45,u53,1.0
u45,u54,1.0
u45,u57,1.0
u45,u58,2.0
u45,u59,1.0
u02,u31,2.0
u02,u57,2.0
u02,u03,1.0
u02,u05,1.0
u02,u10,1.0
u02,u13,1.0
u02,u16,1.0
u02,u18,1.0
u02,u19,1.0
u02,u20,1.0
u02,u23,1.0
u02,u24,1.0
u02,u30,1.0
u02,u43,1.0
u02,u44,1.0
u02,u50,1.0
u02,u52,1.0
u02,u53,1.0
u02,u54,1.0
u02,u58,1.0
u02,u59,1.0
u16,u03,1.0
u16,u05,1.0
u16,u10,1.0
u16,u13,1.0
u16,u18,1.0
u16,u19,1.0
u16,u20,1.0
u16,u23,1.0
u16,u24,1.0
u16,u30,1.0
u16,u31,1.0
u16,u43,1.0
u16,u44,1.0
u16,u50,1.0
u16,u52,1.0
u16,u53,1.0
u16,u54,1.0
u16,u57,1.0
u16,u58,1.0
u16,u59,1.0
u54,u03,1.0
u54,u05,1.0
u54,u10,1.0
u54,u13,1.0
u54,u18,1.0
u54,u19,1.0
u54,u20,1.0
u54,u23,1.0
u54,u24,1.0
u54,u30,1.0
u54,u31,1.0
u54,u43,1.0
u54,u44,1.0
u54,u50,1.0
u54,u52,1.0
u54,u53,1.0
u54,u57,1.0
u54,u58,1.0
u54,u59,1.0
u54,u33,1.0
u43,u03,1.0
u43,u05,1.0
u43,u10,1.0
u43,u13,1.0
u43,u18,1.0
u43,u19,1.0
u43,u20,1.0
u43,u23,1.0
u43,u24,1.0
u43,u30,1.0
u43,u31,1.0
u43,u44,1.0
u43,u50,1.0
u43,u52,1.0
u43,u53,1.0
u43,u57,1.0
u43,u58,1.0
u43,u59,1.0
u50,u03,1.0
u50,u05,1.0
u50,u10,1.0
u50,u13,1.0
u50,u18,1.0
u50,u19,1.0
u50,u20,1.0
u50,u23,1.0
u50,u24,2.0
u50,u30,1.0
u50,u31,1.0
u50,u44,2.0
u50,u52,1.0
u50,u53,1.0
u50,u57,2.0
u50,u58,1.0
u50,u59,1.0
u18,u03,1.0
u18,u05,1.0
u18,u10,1.0
u18,u13,1.0
u18,u19,1.0
u18,u20,1.0
u18,u23,1.0
u18,u24,1.0
u18,u30,1.0
u18,u31,1.0
u18,u44,1.0
u18,u52,1.0
u18,u53,2.0
u18,u57,1.0
u18,u58,1.0
u18,u59,1.0
u30,u03,1.0
u30,u05,2.0
u30,u10,2.0
u30,u13,1.0
u30,u19,2.0
u30,u20,1.0
u30,u23,1.0
u30,u24,1.0
u30,u31,2.0
u30,u44,1.0
u30,u52,2.0
u30,u53,1.0
u30,u57,1.0
u30,u58,1.0
u30,u59,1.0
u23,u03,1.0
u23,u05,1.0
u23,u10,1.0
u23,u13,2.0
u23,u19,1.0
u23,u20,2.0
u23,u24,1.0
u23,u31,1.0
u23,u44,1.0
u23,u52,1.0
u23,u53,1.0
u23,u57,1.0
u23,u58,2.0
u23,u59,1.0
u52,u03,1.0
u52,u05,2.0
u52,u10,2.0
u52,u13,1.0
u52,u19,2.0
u52,u20,1.0
u52,u24,1.0
u52,u31,1.0
u52,u44,1.0
u52,u53,1.0
u52,u57,1.0
u52,u58,1.0
u52,u59,1.0
u13,u03,1.0
u13,u05,1.0
u13,u10,1.0
u13,u19,1.0
u13,u20,2.0
u13,u24,1.0
u13,u31,1.0
u13,u44,1.0
u13,u53,1.0
u13,u57,1.0
u13,u58,2.0
u13,u59,1.0
u58,u03,1.0
u58,u05,1.0
u58,u10,1.0
u58,u19,1.0
u58,u20,2.0
u58,u24,1.0
u58,u31,1.0
u58,u44,1.0
u58,u53,1.0
u58,u57,1.0
u58,u59,1.0
u44,u03,1.0
u44,u05,1.0
u44,u10,1.0
u44,u19,1.0
u44,u20,1.0
u44,u24,2.0
u44,u31,1.0
u44,u53,1.0
u44,u57,2.0
u44,u59,1.0
u59,u03,1.0
u59,u05,1.0
u59,u10,1.0
u59,u19,1.0
u59,u20,1.0
u59,u24,1.0
u59,u31,1.0
u59,u53,1.0
u59,u57,1.0
u01,u33,1.0
u19,u03,1.0
u19,u05,2.0
u19,u10,2.0
u19,u20,1.0
u19,u24,1.0
u19,u31,1.0
u19,u53,1.0
u19,u57,1.0
u20,u03,1.0
u20,u05,1.0
u20,u10,1.0
u20,u24,1.0
u20,u31,1.0
u20,u53,1.0
u20,u57,1.0
u57,u03,1.0
u57,u05,1.0
u57,u10,1.0
u57,u24,2.0
u57,u31,1.0
u57,u53,1.0
u03,u05,1.0
u03,u10,1.0
u03,u24,1.0
u03,u31,1.0
u03,u53,1.0
u24,u05,1.0
u24,u10,1.0
u24,u31,1.0
u24,u53,1.0
u53,u05,1.0
u53,u10,1.0
u53,u31,1.0
u10,u05,2.0
u10,u31,1.0
u05,u31,1.0
