type,src_layer,dst_layer,u,v,weight
diag,Behavior,Physical,u00,u00,1.0
inter,Behavior,Physical,u00,u20,0.14624999999999996
inter,Behavior,Physical,u00,u42,0.0975
diag,Behavior,Physical,u01,u01,1.0
inter,Behavior,Physical,u01,u36,0.14624999999999996
inter,Behavior,Physical,u01,u42,0.14624999999999996
diag,Behavior,Physical,u02,u02,1.0
diag,Behavior,Physical,u03,u03,1.0
inter,Behavior,Physical,u03,u20,0.14624999999999996
inter,Behavior,Physical,u03,u36,0.195
inter,Behavior,Physical,u03,u42,0.14624999999999996
inter,Behavior,Physical,u03,u47,0.18958333333333333
diag,Behavior,Physical,u04,u04,1.0
inter,Behavior,Physical,u04,u36,0.11249999999999999
diag,Behavior,Physical,u05,u05,1.0
inter,Behavior,Physical,u05,u36,0.15
inter,Behavior,Physical,u05,u42,0.11249999999999999
diag,Behavior,Physical,u07,u07,1.0
inter,Behavior,Physical,u07,u42,0.0975
diag,Behavior,Physical,u08,u08,1.0
inter,Behavior,Physical,u08,u20,0.16249999999999998
inter,Behavior,Physical,u08,u36,0.121875
diag,Behavior,Physical,u09,u09,1.0
inter,Behavior,Physical,u09,u18,0.17410714285714282
inter,Behavior,Physical,u09,u20,0.12999999999999998
diag,Behavior,Physical,u10,u10,1.0
inter,Behavior,Physical,u10,u12,0.15511363636363634
inter,Behavior,Physical,u10,u16,0.15669642857142857
inter,Behavior,Physical,u10,u25,0.16810344827586204
inter,Behavior,Physical,u10,u32,0.156
inter,Behavior,Physical,u10,u42,0.11249999999999999
inter,Behavior,Physical,u10,u47,0.18958333333333333
diag,Behavior,Physical,u12,u12,1.0
inter,Behavior,Physical,u12,u42,0.11249999999999999
diag,Behavior,Physical,u13,u13,1.0
inter,Behavior,Physical,u13,u14,0.16249999999999998
inter,Behavior,Physical,u13,u20,0.13928571428571426
inter,Behavior,Physical,u13,u25,0.16810344827586204
inter,Behavior,Physical,u13,u30,0.15669642857142857
inter,Behavior,Physical,u13,u42,0.1044642857142857
diag,Behavior,Physical,u14,u14,1.0
inter,Behavior,Physical,u14,u20,0.15
inter,Behavior,Physical,u14,u36,0.11249999999999999
inter,Behavior,Physical,u15,u01,0.19151785714285713
inter,Behavior,Physical,u15,u02,0.1986111111111111
inter,Behavior,Physical,u15,u04,0.20172413793103444
inter,Behavior,Physical,u15,u05,0.20625
inter,Behavior,Physical,u15,u07,0.1875
inter,Behavior,Physical,u15,u08,0.22499999999999998
inter,Behavior,Physical,u15,u09,0.20172413793103444
inter,Behavior,Physical,u15,u10,0.18491379310344824
inter,Behavior,Physical,u15,u12,0.19943181818181818
inter,Behavior,Physical,u15,u14,0.1986111111111111
diag,Behavior,Physical,u15,u15,1.0
inter,Behavior,Physical,u15,u16,0.19151785714285713
inter,Behavior,Physical,u15,u18,0.2263392857142857
inter,Behavior,Physical,u15,u19,0.2347222222222222
inter,Behavior,Physical,u15,u22,0.22499999999999998
inter,Behavior,Physical,u15,u24,0.21666666666666662
inter,Behavior,Physical,u15,u25,0.20172413793103444
inter,Behavior,Physical,u15,u27,0.20625
inter,Behavior,Physical,u15,u30,0.19151785714285713
inter,Behavior,Physical,u15,u32,0.195
inter,Behavior,Physical,u15,u33,0.2347222222222222
inter,Behavior,Physical,u15,u36,0.11607142857142855
inter,Behavior,Physical,u15,u43,0.21666666666666662
inter,Behavior,Physical,u15,u46,0.2089285714285714
inter,Behavior,Physical,u15,u49,0.22499999999999998
inter,Behavior,Physical,u15,u54,0.2263392857142857
inter,Behavior,Physical,u15,u57,0.21666666666666662
inter,Behavior,Physical,u15,u59,0.20172413793103444
diag,Behavior,Physical,u16,u16,1.0
inter,Behavior,Physical,u17,u01,0.17410714285714282
inter,Behavior,Physical,u17,u02,0.18055555555555552
inter,Behavior,Physical,u17,u04,0.18491379310344824
inter,Behavior,Physical,u17,u05,0.1875
inter,Behavior,Physical,u17,u08,0.20625
inter,Behavior,Physical,u17,u09,0.20172413793103444
inter,Behavior,Physical,u17,u12,0.17727272727272728
inter,Behavior,Physical,u17,u14,0.18055555555555552
inter,Behavior,Physical,u17,u15,0.18491379310344824
inter,Behavior,Physical,u17,u16,0.17410714285714282
diag,Behavior,Physical,u17,u17,1.0
inter,Behavior,Physical,u17,u18,0.2089285714285714
inter,Behavior,Physical,u17,u19,0.1986111111111111
inter,Behavior,Physical,u17,u20,0.17205882352941174
inter,Behavior,Physical,u17,u22,0.1875
inter,Behavior,Physical,u17,u24,0.1986111111111111
inter,Behavior,Physical,u17,u27,0.20625
inter,Behavior,Physical,u17,u30,0.17410714285714282
inter,Behavior,Physical,u17,u32,0.1755
inter,Behavior,Physical,u17,u33,0.21666666666666662
inter,Behavior,Physical,u17,u36,0.14338235294117646
inter,Behavior,Physical,u17,u43,0.1986111111111111
inter,Behavior,Physical,u17,u46,0.19151785714285713
inter,Behavior,Physical,u17,u47,0.21666666666666662
inter,Behavior,Physical,u17,u49,0.1875
inter,Behavior,Physical,u17,u54,0.19151785714285713
inter,Behavior,Physical,u17,u57,0.1986111111111111
inter,Behavior,Physical,u17,u59,0.18491379310344824
diag,Behavior,Physical,u18,u18,1.0
diag,Behavior,Physical,u19,u19,1.0
inter,Behavior,Physical,u20,u02,0.18055555555555552
inter,Behavior,Physical,u20,u04,0.18491379310344824
inter,Behavior,Physical,u20,u05,0.1875
inter,Behavior,Physical,u20,u07,0.16874999999999998
inter,Behavior,Physical,u20,u08,0.20625
inter,Behavior,Physical,u20,u09,0.18491379310344824
inter,Behavior,Physical,u20,u15,0.18491379310344824
inter,Behavior,Physical,u20,u19,0.18055555555555552
diag,Behavior,Physical,u20,u20,1.0
inter,Behavior,Physical,u20,u22,0.1875
inter,Behavior,Physical,u20,u24,0.16249999999999998
inter,Behavior,Physical,u20,u27,0.16874999999999998
inter,Behavior,Physical,u20,u30,0.15669642857142857
inter,Behavior,Physical,u20,u32,0.1755
inter,Behavior,Physical,u20,u33,0.1986111111111111
inter,Behavior,Physical,u20,u46,0.17410714285714282
inter,Behavior,Physical,u20,u47,0.18958333333333333
inter,Behavior,Physical,u20,u49,0.1875
inter,Behavior,Physical,u20,u54,0.19151785714285713
inter,Behavior,Physical,u20,u57,0.18055555555555552
inter,Behavior,Physical,u20,u59,0.16810344827586204
diag,Behavior,Physical,u22,u22,1.0
inter,Behavior,Physical,u22,u42,0.10833333333333331
diag,Behavior,Physical,u23,u23,1.0
inter,Behavior,Physical,u24,u01,0.2089285714285714
inter,Behavior,Physical,u24,u02,0.1986111111111111
inter,Behavior,Physical,u24,u04,0.20172413793103444
inter,Behavior,Physical,u24,u05,0.20625
inter,Behavior,Physical,u24,u07,0.20625
inter,Behavior,Physical,u24,u08,0.16874999999999998
inter,Behavior,Physical,u24,u09,0.20172413793103444
inter,Behavior,Physical,u24,u10,0.20172413793103444
inter,Behavior,Physical,u24,u12,0.17727272727272728
inter,Behavior,Physical,u24,u14,0.1986111111111111
inter,Behavior,Physical,u24,u15,0.20172413793103444
inter,Behavior,Physical,u24,u16,0.2089285714285714
inter,Behavior,Physical,u24,u18,0.17410714285714282
inter,Behavior,Physical,u24,u19,0.18055555555555552
inter,Behavior,Physical,u24,u22,0.1875
diag,Behavior,Physical,u24,u24,1.0
inter,Behavior,Physical,u24,u25,0.21853448275862067
inter,Behavior,Physical,u24,u27,0.1875
inter,Behavior,Physical,u24,u30,0.19151785714285713
inter,Behavior,Physical,u24,u32,0.1755
inter,Behavior,Physical,u24,u33,0.1986111111111111
inter,Behavior,Physical,u24,u43,0.21666666666666662
inter,Behavior,Physical,u24,u46,0.2089285714285714
inter,Behavior,Physical,u24,u49,0.1875
inter,Behavior,Physical,u24,u54,0.2089285714285714
inter,Behavior,Physical,u24,u57,0.1986111111111111
inter,Behavior,Physical,u24,u59,0.20172413793103444
diag,Behavior,Physical,u25,u25,1.0
diag,Behavior,Physical,u27,u27,1.0
inter,Behavior,Physical,u30,u01,0.2263392857142857
inter,Behavior,Physical,u30,u02,0.2347222222222222
inter,Behavior,Physical,u30,u04,0.20172413793103444
inter,Behavior,Physical,u30,u05,0.22499999999999998
inter,Behavior,Physical,u30,u07,0.24375
inter,Behavior,Physical,u30,u08,0.20625
inter,Behavior,Physical,u30,u09,0.21853448275862067
inter,Behavior,Physical,u30,u10,0.21853448275862067
inter,Behavior,Physical,u30,u12,0.195
inter,Behavior,Physical,u30,u14,0.1986111111111111
inter,Behavior,Physical,u30,u15,0.20172413793103444
inter,Behavior,Physical,u30,u16,0.2089285714285714
inter,Behavior,Physical,u30,u18,0.19151785714285713
inter,Behavior,Physical,u30,u19,0.1986111111111111
inter,Behavior,Physical,u30,u22,0.20625
inter,Behavior,Physical,u30,u24,0.1986111111111111
inter,Behavior,Physical,u30,u25,0.23534482758620687
inter,Behavior,Physical,u30,u27,0.22499999999999998
diag,Behavior,Physical,u30,u30,1.0
inter,Behavior,Physical,u30,u32,0.2145
inter,Behavior,Physical,u30,u33,0.21666666666666662
inter,Behavior,Physical,u30,u42,0.0975
inter,Behavior,Physical,u30,u43,0.2347222222222222
inter,Behavior,Physical,u30,u46,0.2263392857142857
inter,Behavior,Physical,u30,u47,0.1755
inter,Behavior,Physical,u30,u49,0.22499999999999998
inter,Behavior,Physical,u30,u54,0.2263392857142857
inter,Behavior,Physical,u30,u57,0.21666666666666662
inter,Behavior,Physical,u30,u59,0.21853448275862067
diag,Behavior,Physical,u31,u31,1.0
inter,Behavior,Physical,u31,u36,0.121875
inter,Behavior,Physical,u32,u01,0.26116071428571425
inter,Behavior,Physical,u32,u02,0.28888888888888886
inter,Behavior,Physical,u32,u04,0.2689655172413793
inter,Behavior,Physical,u32,u05,0.26249999999999996
inter,Behavior,Physical,u32,u07,0.28124999999999994
inter,Behavior,Physical,u32,u08,0.3
inter,Behavior,Physical,u32,u09,0.2689655172413793
inter,Behavior,Physical,u32,u10,0.2857758620689655
inter,Behavior,Physical,u32,u12,0.24375
inter,Behavior,Physical,u32,u14,0.2708333333333333
inter,Behavior,Physical,u32,u15,0.2857758620689655
inter,Behavior,Physical,u32,u16,0.26116071428571425
inter,Behavior,Physical,u32,u18,0.2785714285714285
inter,Behavior,Physical,u32,u19,0.28888888888888886
inter,Behavior,Physical,u32,u22,0.26249999999999996
inter,Behavior,Physical,u32,u24,0.2708333333333333
inter,Behavior,Physical,u32,u25,0.2689655172413793
inter,Behavior,Physical,u32,u27,0.28124999999999994
inter,Behavior,Physical,u32,u30,0.2785714285714285
diag,Behavior,Physical,u32,u32,1.0
inter,Behavior,Physical,u32,u33,0.28888888888888886
inter,Behavior,Physical,u32,u43,0.28888888888888886
inter,Behavior,Physical,u32,u46,0.2785714285714285
inter,Behavior,Physical,u32,u47,0.24375
inter,Behavior,Physical,u32,u49,0.28124999999999994
inter,Behavior,Physical,u32,u54,0.2959821428571428
inter,Behavior,Physical,u32,u57,0.28888888888888886
inter,Behavior,Physical,u32,u59,0.2857758620689655
diag,Behavior,Physical,u33,u33,1.0
inter,Behavior,Physical,u34,u01,0.2263392857142857
inter,Behavior,Physical,u34,u02,0.2527777777777777
inter,Behavior,Physical,u34,u04,0.23534482758620687
inter,Behavior,Physical,u34,u05,0.22499999999999998
inter,Behavior,Physical,u34,u07,0.24375
inter,Behavior,Physical,u34,u08,0.26249999999999996
inter,Behavior,Physical,u34,u09,0.23534482758620687
inter,Behavior,Physical,u34,u10,0.2521551724137931
inter,Behavior,Physical,u34,u12,0.1875
inter,Behavior,Physical,u34,u14,0.2347222222222222
inter,Behavior,Physical,u34,u15,0.2521551724137931
inter,Behavior,Physical,u34,u16,0.2263392857142857
inter,Behavior,Physical,u34,u18,0.26116071428571425
inter,Behavior,Physical,u34,u19,0.2527777777777777
inter,Behavior,Physical,u34,u22,0.22499999999999998
inter,Behavior,Physical,u34,u24,0.2527777777777777
inter,Behavior,Physical,u34,u25,0.23534482758620687
inter,Behavior,Physical,u34,u27,0.24375
inter,Behavior,Physical,u34,u30,0.24375
inter,Behavior,Physical,u34,u32,0.22499999999999998
inter,Behavior,Physical,u34,u33,0.2708333333333333
diag,Behavior,Physical,u34,u34,1.0
inter,Behavior,Physical,u34,u43,0.2708333333333333
inter,Behavior,Physical,u34,u46,0.24375
inter,Behavior,Physical,u34,u47,0.1875
inter,Behavior,Physical,u34,u49,0.24375
inter,Behavior,Physical,u34,u54,0.26116071428571425
inter,Behavior,Physical,u34,u57,0.2527777777777777
inter,Behavior,Physical,u34,u59,0.2521551724137931
diag,Behavior,Physical,u35,u35,1.0
inter,Behavior,Physical,u36,u20,0.195
diag,Behavior,Physical,u36,u36,1.0
diag,Behavior,Physical,u39,u39,1.0
inter,Behavior,Physical,u41,u01,0.2708333333333333
inter,Behavior,Physical,u41,u02,0.2708333333333333
inter,Behavior,Physical,u41,u04,0.284375
inter,Behavior,Physical,u41,u05,0.24375
inter,Behavior,Physical,u41,u07,0.24375
inter,Behavior,Physical,u41,u08,0.24375
inter,Behavior,Physical,u41,u09,0.284375
inter,Behavior,Physical,u41,u10,0.284375
inter,Behavior,Physical,u41,u12,0.18958333333333333
inter,Behavior,Physical,u41,u14,0.25729166666666664
inter,Behavior,Physical,u41,u15,0.284375
inter,Behavior,Physical,u41,u16,0.2708333333333333
inter,Behavior,Physical,u41,u18,0.2708333333333333
inter,Behavior,Physical,u41,u19,0.2708333333333333
inter,Behavior,Physical,u41,u22,0.24375
inter,Behavior,Physical,u41,u24,0.25729166666666664
inter,Behavior,Physical,u41,u25,0.29791666666666666
inter,Behavior,Physical,u41,u27,0.24375
inter,Behavior,Physical,u41,u30,0.2708333333333333
inter,Behavior,Physical,u41,u32,0.2302083333333333
inter,Behavior,Physical,u41,u33,0.2708333333333333
diag,Behavior,Physical,u41,u41,1.0
inter,Behavior,Physical,u41,u43,0.2708333333333333
inter,Behavior,Physical,u41,u46,0.284375
inter,Behavior,Physical,u41,u47,0.18958333333333333
inter,Behavior,Physical,u41,u49,0.25729166666666664
inter,Behavior,Physical,u41,u54,0.284375
inter,Behavior,Physical,u41,u57,0.2708333333333333
inter,Behavior,Physical,u41,u59,0.284375
inter,Behavior,Physical,u42,u07,0.16874999999999998
inter,Behavior,Physical,u42,u10,0.16810344827586204
inter,Behavior,Physical,u42,u24,0.16249999999999998
inter,Behavior,Physical,u42,u30,0.17410714285714282
diag,Behavior,Physical,u42,u42,1.0
inter,Behavior,Physical,u42,u43,0.18055555555555552
inter,Behavior,Physical,u42,u59,0.16810344827586204
diag,Behavior,Physical,u43,u43,1.0
diag,Behavior,Physical,u44,u44,1.0
inter,Behavior,Physical,u45,u01,0.17410714285714282
inter,Behavior,Physical,u45,u02,0.16249999999999998
inter,Behavior,Physical,u45,u04,0.18491379310344824
inter,Behavior,Physical,u45,u07,0.16874999999999998
inter,Behavior,Physical,u45,u08,0.1875
inter,Behavior,Physical,u45,u10,0.16810344827586204
inter,Behavior,Physical,u45,u15,0.16810344827586204
inter,Behavior,Physical,u45,u18,0.19151785714285713
inter,Behavior,Physical,u45,u19,0.18055555555555552
inter,Behavior,Physical,u45,u24,0.18055555555555552
inter,Behavior,Physical,u45,u27,0.16874999999999998
inter,Behavior,Physical,u45,u33,0.1986111111111111
inter,Behavior,Physical,u45,u43,0.18055555555555552
diag,Behavior,Physical,u45,u45,1.0
inter,Behavior,Physical,u45,u46,0.17410714285714282
inter,Behavior,Physical,u45,u47,0.170625
inter,Behavior,Physical,u45,u49,0.16874999999999998
inter,Behavior,Physical,u45,u54,0.17410714285714282
inter,Behavior,Physical,u45,u57,0.18055555555555552
diag,Behavior,Physical,u46,u46,1.0
diag,Behavior,Physical,u47,u47,1.0
inter,Behavior,Physical,u49,u36,0.121875
diag,Behavior,Physical,u49,u49,1.0
inter,Behavior,Physical,u50,u10,0.16810344827586204
inter,Behavior,Physical,u50,u15,0.16810344827586204
inter,Behavior,Physical,u50,u20,0.11607142857142855
diag,Behavior,Physical,u50,u50,1.0
inter,Behavior,Physical,u51,u01,0.26116071428571425
inter,Behavior,Physical,u51,u02,0.24375
inter,Behavior,Physical,u51,u04,0.2689655172413793
inter,Behavior,Physical,u51,u05,0.2089285714285714
inter,Behavior,Physical,u51,u07,0.2263392857142857
inter,Behavior,Physical,u51,u08,0.2263392857142857
inter,Behavior,Physical,u51,u09,0.2521551724137931
inter,Behavior,Physical,u51,u10,0.2689655172413793
inter,Behavior,Physical,u51,u12,0.17410714285714282
inter,Behavior,Physical,u51,u14,0.2263392857142857
inter,Behavior,Physical,u51,u15,0.2521551724137931
inter,Behavior,Physical,u51,u16,0.24375
inter,Behavior,Physical,u51,u18,0.26116071428571425
inter,Behavior,Physical,u51,u19,0.24375
inter,Behavior,Physical,u51,u22,0.2263392857142857
inter,Behavior,Physical,u51,u24,0.2263392857142857
inter,Behavior,Physical,u51,u25,0.2521551724137931
inter,Behavior,Physical,u51,u27,0.2089285714285714
inter,Behavior,Physical,u51,u30,0.24375
inter,Behavior,Physical,u51,u32,0.19151785714285713
inter,Behavior,Physical,u51,u33,0.24375
inter,Behavior,Physical,u51,u43,0.24375
inter,Behavior,Physical,u51,u46,0.26116071428571425
inter,Behavior,Physical,u51,u47,0.19151785714285713
inter,Behavior,Physical,u51,u49,0.2263392857142857
diag,Behavior,Physical,u51,u51,1.0
inter,Behavior,Physical,u51,u54,0.26116071428571425
inter,Behavior,Physical,u51,u57,0.24375
inter,Behavior,Physical,u51,u59,0.2521551724137931
diag,Behavior,Physical,u52,u52,1.0
diag,Behavior,Physical,u53,u53,1.0
diag,Behavior,Physical,u54,u54,1.0
inter,Behavior,Physical,u56,u20,0.14624999999999996
diag,Behavior,Physical,u56,u56,1.0
diag,Behavior,Physical,u57,u57,1.0
diag,Behavior,Physical,u58,u58,1.0
inter,Behavior,Physical,u59,u01,0.19151785714285713
inter,Behavior,Physical,u59,u05,0.1875
inter,Behavior,Physical,u59,u09,0.18491379310344824
inter,Behavior,Physical,u59,u12,0.17727272727272728
inter,Behavior,Physical,u59,u14,0.18055555555555552
inter,Behavior,Physical,u59,u16,0.19151785714285713
inter,Behavior,Physical,u59,u22,0.1875
inter,Behavior,Physical,u59,u25,0.18491379310344824
inter,Behavior,Physical,u59,u32,0.1755
diag,Behavior,Physical,u59,u59,1.0
diag,Education,Physical,u00,u00,1.0
diag,Education,Physical,u01,u01,1.0
diag,Education,Physical,u02,u02,1.0
diag,Education,Physical,u03,u03,1.0
diag,Education,Physical,u04,u04,1.0
diag,Education,Physical,u05,u05,1.0
diag,Education,Physical,u07,u07,1.0
diag,Education,Physical,u08,u08,1.0
diag,Education,Physical,u09,u09,1.0
diag,Education,Physical,u10,u10,1.0
inter,Education,Physical,u12,u07,0.2666666666666666
inter,Education,Physical,u12,u08,0.2666666666666666
diag,Education,Physical,u12,u12,1.0
inter,Education,Physical,u12,u27,0.2666666666666666
inter,Education,Physical,u12,u32,0.25555555555555554
inter,Education,Physical,u13,u02,0.27777777777777773
inter,Education,Physical,u13,u04,0.28888888888888886
inter,Education,Physical,u13,u07,0.2666666666666666
inter,Education,Physical,u13,u08,0.2666666666666666
inter,Education,Physical,u13,u09,0.28888888888888886
inter,Education,Physical,u13,u10,0.28888888888888886
diag,Education,Physical,u13,u13,1.0
inter,Education,Physical,u13,u15,0.3
inter,Education,Physical,u13,u18,0.28888888888888886
inter,Education,Physical,u13,u19,0.27777777777777773
inter,Education,Physical,u13,u25,0.28888888888888886
inter,Education,Physical,u13,u27,0.2666666666666666
inter,Education,Physical,u13,u32,0.25555555555555554
inter,Education,Physical,u13,u33,0.28888888888888886
inter,Education,Physical,u13,u43,0.28888888888888886
inter,Education,Physical,u13,u46,0.27777777777777773
inter,Education,Physical,u13,u49,0.2666666666666666
inter,Education,Physical,u13,u54,0.28888888888888886
inter,Education,Physical,u13,u57,0.27777777777777773
diag,Education,Physical,u14,u14,1.0
diag,Education,Physical,u15,u15,1.0
diag,Education,Physical,u16,u16,1.0
inter,Education,Physical,u17,u01,0.28888888888888886
inter,Education,Physical,u17,u02,0.27777777777777773
inter,Education,Physical,u17,u04,0.28888888888888886
inter,Education,Physical,u17,u05,0.2666666666666666
inter,Education,Physical,u17,u07,0.2666666666666666
inter,Education,Physical,u17,u08,0.2666666666666666
inter,Education,Physical,u17,u09,0.28888888888888886
inter,Education,Physical,u17,u10,0.28888888888888886
inter,Education,Physical,u17,u12,0.2222222222222222
inter,Education,Physical,u17,u14,0.27777777777777773
inter,Education,Physical,u17,u15,0.3
inter,Education,Physical,u17,u16,0.27777777777777773
diag,Education,Physical,u17,u17,1.0
inter,Education,Physical,u17,u18,0.28888888888888886
inter,Education,Physical,u17,u19,0.27777777777777773
inter,Education,Physical,u17,u22,0.2666666666666666
inter,Education,Physical,u17,u24,0.27777777777777773
inter,Education,Physical,u17,u25,0.28888888888888886
inter,Education,Physical,u17,u27,0.2666666666666666
inter,Education,Physical,u17,u30,0.28888888888888886
inter,Education,Physical,u17,u32,0.25555555555555554
inter,Education,Physical,u17,u33,0.28888888888888886
inter,Education,Physical,u17,u43,0.28888888888888886
inter,Education,Physical,u17,u46,0.27777777777777773
inter,Education,Physical,u17,u49,0.2666666666666666
inter,Education,Physical,u17,u54,0.28888888888888886
inter,Education,Physical,u17,u57,0.27777777777777773
inter,Education,Physical,u17,u59,0.28888888888888886
diag,Education,Physical,u18,u18,1.0
inter,Education,Physical,u18,u20,0.1111111111111111
diag,Education,Physical,u19,u19,1.0
inter,Education,Physical,u20,u01,0.28888888888888886
inter,Education,Physical,u20,u04,0.28888888888888886
inter,Education,Physical,u20,u05,0.2666666666666666
inter,Education,Physical,u20,u09,0.28888888888888886
inter,Education,Physical,u20,u12,0.2222222222222222
inter,Education,Physical,u20,u14,0.27777777777777773
inter,Education,Physical,u20,u16,0.27777777777777773
inter,Education,Physical,u20,u18,0.28888888888888886
inter,Education,Physical,u20,u19,0.27777777777777773
diag,Education,Physical,u20,u20,1.0
inter,Education,Physical,u20,u22,0.2666666666666666
inter,Education,Physical,u20,u24,0.27777777777777773
inter,Education,Physical,u20,u33,0.28888888888888886
inter,Education,Physical,u20,u46,0.27777777777777773
inter,Education,Physical,u20,u49,0.2666666666666666
inter,Education,Physical,u20,u57,0.27777777777777773
diag,Education,Physical,u22,u22,1.0
inter,Education,Physical,u22,u36,0.07777777777777777
inter,Education,Physical,u22,u47,0.17777777777777776
inter,Education,Physical,u23,u01,0.28888888888888886
inter,Education,Physical,u23,u02,0.27777777777777773
inter,Education,Physical,u23,u04,0.28888888888888886
inter,Education,Physical,u23,u05,0.2666666666666666
inter,Education,Physical,u23,u07,0.2666666666666666
inter,Education,Physical,u23,u08,0.2666666666666666
inter,Education,Physical,u23,u09,0.28888888888888886
inter,Education,Physical,u23,u10,0.28888888888888886
inter,Education,Physical,u23,u12,0.2222222222222222
inter,Education,Physical,u23,u14,0.27777777777777773
inter,Education,Physical,u23,u15,0.3
inter,Education,Physical,u23,u16,0.27777777777777773
inter,Education,Physical,u23,u18,0.28888888888888886
inter,Education,Physical,u23,u19,0.27777777777777773
inter,Education,Physical,u23,u22,0.2666666666666666
diag,Education,Physical,u23,u23,1.0
inter,Education,Physical,u23,u24,0.27777777777777773
inter,Education,Physical,u23,u25,0.28888888888888886
inter,Education,Physical,u23,u27,0.2666666666666666
inter,Education,Physical,u23,u30,0.28888888888888886
inter,Education,Physical,u23,u32,0.25555555555555554
inter,Education,Physical,u23,u33,0.28888888888888886
inter,Education,Physical,u23,u36,0.07777777777777777
inter,Education,Physical,u23,u46,0.27777777777777773
inter,Education,Physical,u23,u47,0.17777777777777776
inter,Education,Physical,u23,u49,0.2666666666666666
inter,Education,Physical,u23,u54,0.28888888888888886
inter,Education,Physical,u23,u57,0.27777777777777773
inter,Education,Physical,u23,u59,0.28888888888888886
diag,Education,Physical,u24,u24,1.0
inter,Education,Physical,u24,u36,0.07777777777777777
diag,Education,Physical,u25,u25,1.0
inter,Education,Physical,u25,u42,0.07777777777777777
inter,Education,Physical,u27,u12,0.2222222222222222
inter,Education,Physical,u27,u20,0.1111111111111111
diag,Education,Physical,u27,u27,1.0
inter,Education,Physical,u27,u36,0.07777777777777777
inter,Education,Physical,u27,u42,0.07777777777777777
diag,Education,Physical,u30,u30,1.0
inter,Education,Physical,u30,u36,0.07777777777777777
inter,Education,Physical,u30,u42,0.07777777777777777
inter,Education,Physical,u31,u01,0.28888888888888886
inter,Education,Physical,u31,u02,0.27777777777777773
inter,Education,Physical,u31,u04,0.28888888888888886
inter,Education,Physical,u31,u05,0.2666666666666666
inter,Education,Physical,u31,u07,0.2666666666666666
inter,Education,Physical,u31,u08,0.2666666666666666
inter,Education,Physical,u31,u09,0.28888888888888886
inter,Education,Physical,u31,u10,0.28888888888888886
inter,Education,Physical,u31,u14,0.27777777777777773
inter,Education,Physical,u31,u15,0.3
inter,Education,Physical,u31,u16,0.27777777777777773
inter,Education,Physical,u31,u18,0.28888888888888886
inter,Education,Physical,u31,u19,0.27777777777777773
inter,Education,Physical,u31,u20,0.1111111111111111
inter,Education,Physical,u31,u22,0.2666666666666666
inter,Education,Physical,u31,u24,0.27777777777777773
inter,Education,Physical,u31,u25,0.28888888888888886
inter,Education,Physical,u31,u27,0.2666666666666666
inter,Education,Physical,u31,u30,0.28888888888888886
diag,Education,Physical,u31,u31,1.0
inter,Education,Physical,u31,u32,0.25555555555555554
inter,Education,Physical,u31,u33,0.28888888888888886
inter,Education,Physical,u31,u36,0.07777777777777777
inter,Education,Physical,u31,u42,0.07777777777777777
inter,Education,Physical,u31,u46,0.27777777777777773
inter,Education,Physical,u31,u47,0.17777777777777776
inter,Education,Physical,u31,u49,0.2666666666666666
inter,Education,Physical,u31,u54,0.28888888888888886
inter,Education,Physical,u31,u57,0.27777777777777773
inter,Education,Physical,u31,u59,0.28888888888888886
inter,Education,Physical,u32,u12,0.2222222222222222
inter,Education,Physical,u32,u20,0.1111111111111111
diag,Education,Physical,u32,u32,1.0
inter,Education,Physical,u32,u36,0.07777777777777777
inter,Education,Physical,u32,u42,0.07777777777777777
inter,Education,Physical,u32,u47,0.17777777777777776
diag,Education,Physical,u33,u33,1.0
inter,Education,Physical,u34,u01,0.28888888888888886
inter,Education,Physical,u34,u02,0.27777777777777773
inter,Education,Physical,u34,u04,0.28888888888888886
inter,Education,Physical,u34,u05,0.2666666666666666
inter,Education,Physical,u34,u09,0.28888888888888886
inter,Education,Physical,u34,u10,0.28888888888888886
inter,Education,Physical,u34,u12,0.2222222222222222
inter,Education,Physical,u34,u14,0.27777777777777773
inter,Education,Physical,u34,u15,0.3
inter,Education,Physical,u34,u16,0.27777777777777773
inter,Education,Physical,u34,u18,0.28888888888888886
inter,Education,Physical,u34,u19,0.27777777777777773
inter,Education,Physical,u34,u20,0.1111111111111111
inter,Education,Physical,u34,u22,0.2666666666666666
inter,Education,Physical,u34,u24,0.27777777777777773
inter,Education,Physical,u34,u25,0.28888888888888886
inter,Education,Physical,u34,u30,0.28888888888888886
inter,Education,Physical,u34,u33,0.28888888888888886
diag,Education,Physical,u34,u34,1.0
inter,Education,Physical,u34,u36,0.07777777777777777
inter,Education,Physical,u34,u42,0.07777777777777777
inter,Education,Physical,u34,u43,0.28888888888888886
inter,Education,Physical,u34,u46,0.27777777777777773
inter,Education,Physical,u34,u49,0.2666666666666666
inter,Education,Physical,u34,u54,0.28888888888888886
inter,Education,Physical,u34,u57,0.27777777777777773
inter,Education,Physical,u34,u59,0.28888888888888886
inter,Education,Physical,u35,u01,0.28888888888888886
inter,Education,Physical,u35,u02,0.27777777777777773
inter,Education,Physical,u35,u04,0.28888888888888886
inter,Education,Physical,u35,u05,0.2666666666666666
inter,Education,Physical,u35,u08,0.2666666666666666
inter,Education,Physical,u35,u09,0.28888888888888886
inter,Education,Physical,u35,u10,0.28888888888888886
inter,Education,Physical,u35,u14,0.27777777777777773
inter,Education,Physical,u35,u15,0.3
inter,Education,Physical,u35,u16,0.27777777777777773
inter,Education,Physical,u35,u18,0.28888888888888886
inter,Education,Physical,u35,u19,0.27777777777777773
inter,Education,Physical,u35,u20,0.1111111111111111
inter,Education,Physical,u35,u22,0.2666666666666666
inter,Education,Physical,u35,u24,0.27777777777777773
inter,Education,Physical,u35,u25,0.28888888888888886
inter,Education,Physical,u35,u27,0.2666666666666666
inter,Education,Physical,u35,u30,0.28888888888888886
inter,Education,Physical,u35,u33,0.28888888888888886
diag,Education,Physical,u35,u35,1.0
inter,Education,Physical,u35,u42,0.07777777777777777
inter,Education,Physical,u35,u43,0.28888888888888886
inter,Education,Physical,u35,u46,0.27777777777777773
inter,Education,Physical,u35,u49,0.2666666666666666
inter,Education,Physical,u35,u54,0.28888888888888886
inter,Education,Physical,u35,u57,0.27777777777777773
inter,Education,Physical,u35,u59,0.28888888888888886
diag,Education,Physical,u36,u36,1.0
diag,Education,Physical,u39,u39,1.0
inter,Education,Physical,u41,u01,0.28888888888888886
inter,Education,Physical,u41,u02,0.27777777777777773
inter,Education,Physical,u41,u04,0.28888888888888886
inter,Education,Physical,u41,u05,0.2666666666666666
inter,Education,Physical,u41,u09,0.28888888888888886
inter,Education,Physical,u41,u10,0.28888888888888886
inter,Education,Physical,u41,u14,0.27777777777777773
inter,Education,Physical,u41,u15,0.3
inter,Education,Physical,u41,u16,0.27777777777777773
inter,Education,Physical,u41,u18,0.28888888888888886
inter,Education,Physical,u41,u19,0.27777777777777773
inter,Education,Physical,u41,u22,0.2666666666666666
inter,Education,Physical,u41,u24,0.27777777777777773
inter,Education,Physical,u41,u25,0.28888888888888886
inter,Education,Physical,u41,u30,0.28888888888888886
inter,Education,Physical,u41,u33,0.28888888888888886
diag,Education,Physical,u41,u41,1.0
inter,Education,Physical,u41,u42,0.07777777777777777
inter,Education,Physical,u41,u43,0.28888888888888886
inter,Education,Physical,u41,u46,0.27777777777777773
inter,Education,Physical,u41,u47,0.17777777777777776
inter,Education,Physical,u41,u49,0.2666666666666666
inter,Education,Physical,u41,u54,0.28888888888888886
inter,Education,Physical,u41,u57,0.27777777777777773
inter,Education,Physical,u41,u59,0.28888888888888886
inter,Education,Physical,u42,u01,0.28888888888888886
inter,Education,Physical,u42,u02,0.27777777777777773
inter,Education,Physical,u42,u05,0.2666666666666666
inter,Education,Physical,u42,u07,0.2666666666666666
inter,Education,Physical,u42,u10,0.28888888888888886
inter,Education,Physical,u42,u12,0.2222222222222222
inter,Education,Physical,u42,u14,0.27777777777777773
inter,Education,Physical,u42,u16,0.27777777777777773
inter,Education,Physical,u42,u22,0.2666666666666666
inter,Education,Physical,u42,u24,0.27777777777777773
inter,Education,Physical,u42,u25,0.28888888888888886
inter,Education,Physical,u42,u27,0.2666666666666666
inter,Education,Physical,u42,u30,0.28888888888888886
inter,Education,Physical,u42,u32,0.25555555555555554
diag,Education,Physical,u42,u42,1.0
inter,Education,Physical,u42,u43,0.28888888888888886
inter,Education,Physical,u42,u46,0.27777777777777773
inter,Education,Physical,u42,u47,0.17777777777777776
inter,Education,Physical,u42,u49,0.2666666666666666
inter,Education,Physical,u42,u57,0.27777777777777773
inter,Education,Physical,u42,u59,0.28888888888888886
inter,Education,Physical,u43,u33,0.28888888888888886
inter,Education,Physical,u43,u42,0.07777777777777777
diag,Education,Physical,u43,u43,1.0
inter,Education,Physical,u44,u01,0.28888888888888886
inter,Education,Physical,u44,u02,0.27777777777777773
inter,Education,Physical,u44,u04,0.28888888888888886
inter,Education,Physical,u44,u05,0.2666666666666666
inter,Education,Physical,u44,u07,0.2666666666666666
inter,Education,Physical,u44,u08,0.2666666666666666
inter,Education,Physical,u44,u09,0.28888888888888886
inter,Education,Physical,u44,u10,0.28888888888888886
inter,Education,Physical,u44,u12,0.2222222222222222
inter,Education,Physical,u44,u14,0.27777777777777773
inter,Education,Physical,u44,u15,0.3
inter,Education,Physical,u44,u16,0.27777777777777773
inter,Education,Physical,u44,u18,0.28888888888888886
inter,Education,Physical,u44,u19,0.27777777777777773
inter,Education,Physical,u44,u20,0.1111111111111111
inter,Education,Physical,u44,u22,0.2666666666666666
inter,Education,Physical,u44,u24,0.27777777777777773
inter,Education,Physical,u44,u25,0.28888888888888886
inter,Education,Physical,u44,u27,0.2666666666666666
inter,Education,Physical,u44,u32,0.25555555555555554
inter,Education,Physical,u44,u33,0.28888888888888886
inter,Education,Physical,u44,u43,0.28888888888888886
diag,Education,Physical,u44,u44,1.0
inter,Education,Physical,u44,u46,0.27777777777777773
inter,Education,Physical,u44,u47,0.17777777777777776
inter,Education,Physical,u44,u49,0.2666666666666666
inter,Education,Physical,u44,u54,0.28888888888888886
inter,Education,Physical,u44,u57,0.27777777777777773
inter,Education,Physical,u45,u01,0.28888888888888886
inter,Education,Physical,u45,u02,0.27777777777777773
inter,Education,Physical,u45,u04,0.28888888888888886
inter,Education,Physical,u45,u05,0.2666666666666666
inter,Education,Physical,u45,u07,0.2666666666666666
inter,Education,Physical,u45,u08,0.2666666666666666
inter,Education,Physical,u45,u09,0.28888888888888886
inter,Education,Physical,u45,u10,0.28888888888888886
inter,Education,Physical,u45,u12,0.2222222222222222
inter,Education,Physical,u45,u14,0.27777777777777773
inter,Education,Physical,u45,u15,0.3
inter,Education,Physical,u45,u16,0.27777777777777773
inter,Education,Physical,u45,u18,0.28888888888888886
inter,Education,Physical,u45,u19,0.27777777777777773
inter,Education,Physical,u45,u20,0.1111111111111111
inter,Education,Physical,u45,u22,0.2666666666666666
inter,Education,Physical,u45,u24,0.27777777777777773
inter,Education,Physical,u45,u25,0.28888888888888886
inter,Education,Physical,u45,u27,0.2666666666666666
inter,Education,Physical,u45,u32,0.25555555555555554
inter,Education,Physical,u45,u43,0.28888888888888886
diag,Education,Physical,u45,u45,1.0
inter,Education,Physical,u45,u54,0.28888888888888886
inter,Education,Physical,u46,u20,0.1111111111111111
diag,Education,Physical,u46,u46,1.0
inter,Education,Physical,u47,u07,0.2666666666666666
inter,Education,Physical,u47,u08,0.2666666666666666
inter,Education,Physical,u47,u12,0.2222222222222222
inter,Education,Physical,u47,u32,0.25555555555555554
diag,Education,Physical,u47,u47,1.0
inter,Education,Physical,u49,u47,0.17777777777777776
diag,Education,Physical,u49,u49,1.0
inter,Education,Physical,u50,u36,0.07777777777777777
inter,Education,Physical,u50,u43,0.28888888888888886
diag,Education,Physical,u50,u50,1.0
diag,Education,Physical,u51,u51,1.0
inter,Education,Physical,u52,u30,0.28888888888888886
diag,Education,Physical,u52,u52,1.0
inter,Education,Physical,u52,u59,0.28888888888888886
inter,Education,Physical,u53,u30,0.28888888888888886
diag,Education,Physical,u53,u53,1.0
inter,Education,Physical,u53,u59,0.28888888888888886
inter,Education,Physical,u54,u47,0.18449612403100774
diag,Education,Physical,u54,u54,1.0
diag,Education,Physical,u56,u56,1.0
diag,Education,Physical,u57,u57,1.0
inter,Education,Physical,u58,u07,0.2666666666666666
inter,Education,Physical,u58,u08,0.2666666666666666
inter,Education,Physical,u58,u15,0.3
inter,Education,Physical,u58,u20,0.1111111111111111
inter,Education,Physical,u58,u27,0.2666666666666666
inter,Education,Physical,u58,u30,0.28888888888888886
inter,Education,Physical,u58,u32,0.25555555555555554
inter,Education,Physical,u58,u36,0.07777777777777777
inter,Education,Physical,u58,u42,0.07777777777777777
inter,Education,Physical,u58,u43,0.28888888888888886
inter,Education,Physical,u58,u47,0.17777777777777776
inter,Education,Physical,u58,u54,0.28888888888888886
diag,Education,Physical,u58,u58,1.0
inter,Education,Physical,u58,u59,0.28888888888888886
diag,Education,Physical,u59,u59,1.0
diag,Behavior,Education,u00,u00,1.0
inter,Behavior,Education,u00,u19,0.09090909090909091
inter,Behavior,Education,u00,u22,0.09090909090909091
inter,Behavior,Education,u00,u23,0.09090909090909091
inter,Behavior,Education,u00,u25,0.09090909090909091
inter,Behavior,Education,u00,u27,0.09090909090909091
inter,Behavior,Education,u00,u31,0.09090909090909091
inter,Behavior,Education,u00,u32,0.09090909090909091
inter,Behavior,Education,u00,u34,0.09090909090909091
inter,Behavior,Education,u00,u49,0.09090909090909091
inter,Behavior,Education,u00,u58,0.09090909090909091
diag,Behavior,Education,u01,u01,1.0
inter,Behavior,Education,u01,u24,0.09090909090909091
inter,Behavior,Education,u01,u25,0.09090909090909091
inter,Behavior,Education,u01,u27,0.09090909090909091
inter,Behavior,Education,u01,u30,0.09090909090909091
inter,Behavior,Education,u01,u31,0.09090909090909091
inter,Behavior,Education,u01,u35,0.09090909090909091
inter,Behavior,Education,u01,u43,0.09090909090909091
inter,Behavior,Education,u01,u44,0.09090909090909091
inter,Behavior,Education,u01,u45,0.09090909090909091
inter,Behavior,Education,u01,u58,0.09090909090909091
diag,Behavior,Education,u02,u02,1.0
inter,Behavior,Education,u02,u25,0.09090909090909091
inter,Behavior,Education,u02,u27,0.09090909090909091
inter,Behavior,Education,u02,u30,0.09090909090909091
inter,Behavior,Education,u02,u32,0.09090909090909091
inter,Behavior,Education,u02,u34,0.09090909090909091
inter,Behavior,Education,u02,u35,0.09090909090909091
inter,Behavior,Education,u02,u41,0.09090909090909091
inter,Behavior,Education,u02,u45,0.09090909090909091
inter,Behavior,Education,u02,u47,0.09090909090909091
inter,Behavior,Education,u02,u58,0.09090909090909091
diag,Behavior,Education,u03,u03,1.0
inter,Behavior,Education,u03,u25,0.09090909090909091
inter,Behavior,Education,u03,u27,0.09090909090909091
inter,Behavior,Education,u03,u31,0.09090909090909091
inter,Behavior,Education,u03,u32,0.09090909090909091
inter,Behavior,Education,u03,u34,0.09090909090909091
inter,Behavior,Education,u03,u35,0.09090909090909091
inter,Behavior,Education,u03,u44,0.09090909090909091
inter,Behavior,Education,u03,u45,0.09090909090909091
inter,Behavior,Education,u03,u58,0.09090909090909091
inter,Behavior,Education,u03,u59,0.09090909090909091
diag,Behavior,Education,u04,u04,1.0
inter,Behavior,Education,u04,u24,0.1
inter,Behavior,Education,u04,u25,0.1
inter,Behavior,Education,u04,u27,0.1
inter,Behavior,Education,u04,u31,0.1
inter,Behavior,Education,u04,u35,0.1
inter,Behavior,Education,u04,u43,0.1
inter,Behavior,Education,u04,u44,0.1
inter,Behavior,Education,u04,u45,0.1
inter,Behavior,Education,u04,u58,0.1
inter,Behavior,Education,u04,u59,0.1
diag,Behavior,Education,u05,u05,1.0
inter,Behavior,Education,u05,u23,0.10909090909090909
inter,Behavior,Education,u05,u24,0.10909090909090909
inter,Behavior,Education,u05,u25,0.10909090909090909
inter,Behavior,Education,u05,u27,0.10909090909090909
inter,Behavior,Education,u05,u30,0.10909090909090909
inter,Behavior,Education,u05,u31,0.10909090909090909
inter,Behavior,Education,u05,u43,0.10909090909090909
inter,Behavior,Education,u05,u44,0.10909090909090909
inter,Behavior,Education,u05,u46,0.10909090909090909
inter,Behavior,Education,u05,u58,0.10909090909090909
diag,Behavior,Education,u07,u07,1.0
inter,Behavior,Education,u07,u24,0.09090909090909091
inter,Behavior,Education,u07,u25,0.09090909090909091
inter,Behavior,Education,u07,u27,0.09090909090909091
inter,Behavior,Education,u07,u30,0.09090909090909091
inter,Behavior,Education,u07,u31,0.09090909090909091
inter,Behavior,Education,u07,u35,0.09090909090909091
inter,Behavior,Education,u07,u42,0.09090909090909091
inter,Behavior,Education,u07,u44,0.09090909090909091
inter,Behavior,Education,u07,u45,0.09090909090909091
inter,Behavior,Education,u07,u58,0.09090909090909091
diag,Behavior,Education,u08,u08,1.0
inter,Behavior,Education,u08,u19,0.09090909090909091
inter,Behavior,Education,u08,u27,0.09090909090909091
inter,Behavior,Education,u08,u31,0.09090909090909091
inter,Behavior,Education,u08,u32,0.09090909090909091
inter,Behavior,Education,u08,u34,0.09090909090909091
inter,Behavior,Education,u08,u35,0.09090909090909091
inter,Behavior,Education,u08,u44,0.09090909090909091
inter,Behavior,Education,u08,u45,0.09090909090909091
inter,Behavior,Education,u08,u47,0.09090909090909091
inter,Behavior,Education,u08,u58,0.09090909090909091
diag,Behavior,Education,u09,u09,1.0
inter,Behavior,Education,u09,u22,0.12727272727272726
inter,Behavior,Education,u09,u23,0.12727272727272726
inter,Behavior,Education,u09,u24,0.12727272727272726
inter,Behavior,Education,u09,u25,0.12727272727272726
inter,Behavior,Education,u09,u27,0.12727272727272726
inter,Behavior,Education,u09,u30,0.12727272727272726
inter,Behavior,Education,u09,u31,0.12727272727272726
inter,Behavior,Education,u09,u35,0.12727272727272726
inter,Behavior,Education,u09,u46,0.12727272727272726
inter,Behavior,Education,u09,u58,0.12727272727272726
diag,Behavior,Education,u10,u10,1.0
inter,Behavior,Education,u10,u25,0.10909090909090909
inter,Behavior,Education,u10,u27,0.10909090909090909
inter,Behavior,Education,u10,u31,0.10909090909090909
inter,Behavior,Education,u10,u32,0.10909090909090909
inter,Behavior,Education,u10,u34,0.10909090909090909
inter,Behavior,Education,u10,u35,0.10909090909090909
inter,Behavior,Education,u10,u44,0.10909090909090909
inter,Behavior,Education,u10,u45,0.10909090909090909
inter,Behavior,Education,u10,u47,0.10909090909090909
inter,Behavior,Education,u10,u58,0.10909090909090909
diag,Behavior,Education,u12,u12,1.0
inter,Behavior,Education,u12,u25,0.10909090909090909
inter,Behavior,Education,u12,u27,0.10909090909090909
inter,Behavior,Education,u12,u30,0.10909090909090909
inter,Behavior,Education,u12,u32,0.10909090909090909
inter,Behavior,Education,u12,u34,0.10909090909090909
inter,Behavior,Education,u12,u35,0.10909090909090909
inter,Behavior,Education,u12,u44,0.10909090909090909
inter,Behavior,Education,u12,u45,0.10909090909090909
inter,Behavior,Education,u12,u47,0.10909090909090909
inter,Behavior,Education,u12,u58,0.10909090909090909
diag,Behavior,Education,u13,u13,1.0
inter,Behavior,Education,u13,u17,0.1181818181818182
inter,Behavior,Education,u13,u25,0.1181818181818182
inter,Behavior,Education,u13,u27,0.1181818181818182
inter,Behavior,Education,u13,u31,0.1181818181818182
inter,Behavior,Education,u13,u32,0.1181818181818182
inter,Behavior,Education,u13,u34,0.1181818181818182
inter,Behavior,Education,u13,u35,0.1181818181818182
inter,Behavior,Education,u13,u44,0.1181818181818182
inter,Behavior,Education,u13,u45,0.1181818181818182
inter,Behavior,Education,u13,u58,0.1181818181818182
diag,Behavior,Education,u14,u14,1.0
inter,Behavior,Education,u14,u23,0.1181818181818182
inter,Behavior,Education,u14,u24,0.1181818181818182
inter,Behavior,Education,u14,u25,0.1181818181818182
inter,Behavior,Education,u14,u27,0.1181818181818182
inter,Behavior,Education,u14,u31,0.1181818181818182
inter,Behavior,Education,u14,u35,0.1181818181818182
inter,Behavior,Education,u14,u43,0.1181818181818182
inter,Behavior,Education,u14,u44,0.1181818181818182
inter,Behavior,Education,u14,u58,0.1181818181818182
inter,Behavior,Education,u14,u59,0.1181818181818182
diag,Behavior,Education,u15,u15,1.0
inter,Behavior,Education,u15,u19,0.18181818181818182
inter,Behavior,Education,u15,u20,0.18181818181818182
inter,Behavior,Education,u15,u22,0.18181818181818182
inter,Behavior,Education,u15,u23,0.18181818181818182
inter,Behavior,Education,u15,u24,0.18181818181818182
inter,Behavior,Education,u15,u25,0.18181818181818182
inter,Behavior,Education,u15,u27,0.18181818181818182
inter,Behavior,Education,u15,u31,0.18181818181818182
inter,Behavior,Education,u15,u58,0.18181818181818182
inter,Behavior,Education,u15,u59,0.18181818181818182
diag,Behavior,Education,u16,u16,1.0
inter,Behavior,Education,u16,u22,0.14545454545454545
inter,Behavior,Education,u16,u23,0.14545454545454545
inter,Behavior,Education,u16,u24,0.14545454545454545
inter,Behavior,Education,u16,u25,0.14545454545454545
inter,Behavior,Education,u16,u27,0.14545454545454545
inter,Behavior,Education,u16,u31,0.14545454545454545
inter,Behavior,Education,u16,u43,0.14545454545454545
inter,Behavior,Education,u16,u44,0.14545454545454545
inter,Behavior,Education,u16,u58,0.14545454545454545
inter,Behavior,Education,u16,u59,0.14545454545454545
diag,Behavior,Education,u17,u17,1.0
inter,Behavior,Education,u17,u18,0.14545454545454545
inter,Behavior,Education,u17,u19,0.14545454545454545
inter,Behavior,Education,u17,u20,0.14545454545454545
inter,Behavior,Education,u17,u22,0.14545454545454545
inter,Behavior,Education,u17,u23,0.14545454545454545
inter,Behavior,Education,u17,u24,0.14545454545454545
inter,Behavior,Education,u17,u27,0.14545454545454545
inter,Behavior,Education,u17,u44,0.14545454545454545
inter,Behavior,Education,u17,u46,0.14545454545454545
inter,Behavior,Education,u17,u59,0.14545454545454545
diag,Behavior,Education,u18,u18,1.0
inter,Behavior,Education,u18,u25,0.10909090909090909
inter,Behavior,Education,u18,u27,0.10909090909090909
inter,Behavior,Education,u18,u31,0.10909090909090909
inter,Behavior,Education,u18,u34,0.10909090909090909
inter,Behavior,Education,u18,u35,0.10909090909090909
inter,Behavior,Education,u18,u45,0.10909090909090909
inter,Behavior,Education,u18,u46,0.10909090909090909
inter,Behavior,Education,u18,u47,0.10909090909090909
inter,Behavior,Education,u18,u52,0.10909090909090909
inter,Behavior,Education,u18,u58,0.10909090909090909
diag,Behavior,Education,u19,u19,1.0
inter,Behavior,Education,u19,u23,0.05454545454545454
inter,Behavior,Education,u19,u25,0.05454545454545454
inter,Behavior,Education,u19,u27,0.05454545454545454
inter,Behavior,Education,u19,u31,0.05454545454545454
inter,Behavior,Education,u19,u32,0.05454545454545454
inter,Behavior,Education,u19,u34,0.05454545454545454
inter,Behavior,Education,u19,u50,0.05454545454545454
inter,Behavior,Education,u19,u51,0.05454545454545454
inter,Behavior,Education,u19,u58,0.05454545454545454
inter,Behavior,Education,u19,u59,0.05454545454545454
diag,Behavior,Education,u20,u20,1.0
inter,Behavior,Education,u20,u22,0.1636363636363636
inter,Behavior,Education,u20,u23,0.1636363636363636
inter,Behavior,Education,u20,u25,0.1636363636363636
inter,Behavior,Education,u20,u31,0.1636363636363636
inter,Behavior,Education,u20,u43,0.1636363636363636
inter,Behavior,Education,u20,u44,0.1636363636363636
inter,Behavior,Education,u20,u45,0.1636363636363636
inter,Behavior,Education,u20,u46,0.1636363636363636
inter,Behavior,Education,u20,u58,0.1636363636363636
inter,Behavior,Education,u20,u59,0.1636363636363636
diag,Behavior,Education,u22,u22,1.0
inter,Behavior,Education,u22,u27,0.0818181818181818
inter,Behavior,Education,u22,u31,0.0818181818181818
inter,Behavior,Education,u22,u35,0.0818181818181818
inter,Behavior,Education,u22,u44,0.0818181818181818
inter,Behavior,Education,u22,u45,0.0818181818181818
inter,Behavior,Education,u22,u46,0.0818181818181818
inter,Behavior,Education,u22,u47,0.0818181818181818
inter,Behavior,Education,u22,u49,0.0818181818181818
inter,Behavior,Education,u22,u58,0.0818181818181818
inter,Behavior,Education,u22,u59,0.0818181818181818
diag,Behavior,Education,u23,u23,1.0
inter,Behavior,Education,u23,u30,0.0818181818181818
inter,Behavior,Education,u23,u32,0.0818181818181818
inter,Behavior,Education,u23,u43,0.0818181818181818
inter,Behavior,Education,u23,u44,0.0818181818181818
inter,Behavior,Education,u23,u46,0.0818181818181818
inter,Behavior,Education,u23,u47,0.0818181818181818
inter,Behavior,Education,u23,u49,0.0818181818181818
inter,Behavior,Education,u23,u52,0.0818181818181818
inter,Behavior,Education,u23,u53,0.0818181818181818
inter,Behavior,Education,u23,u57,0.0818181818181818
inter,Behavior,Education,u24,u16,0.15454545454545454
inter,Behavior,Education,u24,u17,0.15454545454545454
inter,Behavior,Education,u24,u23,0.15454545454545454
diag,Behavior,Education,u24,u24,1.0
inter,Behavior,Education,u24,u25,0.15454545454545454
inter,Behavior,Education,u24,u31,0.15454545454545454
inter,Behavior,Education,u24,u35,0.15454545454545454
inter,Behavior,Education,u24,u44,0.15454545454545454
inter,Behavior,Education,u24,u45,0.15454545454545454
inter,Behavior,Education,u24,u46,0.15454545454545454
inter,Behavior,Education,u24,u47,0.15454545454545454
diag,Behavior,Education,u25,u25,1.0
inter,Behavior,Education,u25,u30,0.1
inter,Behavior,Education,u25,u31,0.1
inter,Behavior,Education,u25,u41,0.1
inter,Behavior,Education,u25,u43,0.1
inter,Behavior,Education,u25,u44,0.1
inter,Behavior,Education,u25,u46,0.1
inter,Behavior,Education,u25,u49,0.1
inter,Behavior,Education,u25,u52,0.1
inter,Behavior,Education,u25,u53,0.1
inter,Behavior,Education,u25,u57,0.1
inter,Behavior,Education,u27,u25,0.1
diag,Behavior,Education,u27,u27,1.0
inter,Behavior,Education,u27,u30,0.1
inter,Behavior,Education,u27,u31,0.1
inter,Behavior,Education,u27,u44,0.1
inter,Behavior,Education,u27,u46,0.1
inter,Behavior,Education,u27,u49,0.1
inter,Behavior,Education,u27,u50,0.1
inter,Behavior,Education,u27,u52,0.1
inter,Behavior,Education,u27,u53,0.1
inter,Behavior,Education,u27,u57,0.1
inter,Behavior,Education,u30,u12,0.2
inter,Behavior,Education,u30,u23,0.2
inter,Behavior,Education,u30,u25,0.2
inter,Behavior,Education,u30,u27,0.2
diag,Behavior,Education,u30,u30,1.0
inter,Behavior,Education,u30,u31,0.2
inter,Behavior,Education,u30,u35,0.2
inter,Behavior,Education,u30,u42,0.2
inter,Behavior,Education,u30,u43,0.2
inter,Behavior,Education,u30,u52,0.2
inter,Behavior,Education,u30,u58,0.2
inter,Behavior,Education,u31,u23,0.03636363636363636
inter,Behavior,Education,u31,u24,0.03636363636363636
inter,Behavior,Education,u31,u25,0.03636363636363636
inter,Behavior,Education,u31,u27,0.03636363636363636
inter,Behavior,Education,u31,u30,0.03636363636363636
diag,Behavior,Education,u31,u31,1.0
inter,Behavior,Education,u31,u32,0.03636363636363636
inter,Behavior,Education,u31,u34,0.03636363636363636
inter,Behavior,Education,u31,u52,0.03636363636363636
inter,Behavior,Education,u31,u53,0.03636363636363636
inter,Behavior,Education,u31,u58,0.03636363636363636
inter,Behavior,Education,u32,u12,0.21818181818181817
inter,Behavior,Education,u32,u13,0.21818181818181817
inter,Behavior,Education,u32,u19,0.21818181818181817
inter,Behavior,Education,u32,u23,0.21818181818181817
inter,Behavior,Education,u32,u31,0.21818181818181817
diag,Behavior,Education,u32,u32,1.0
inter,Behavior,Education,u32,u46,0.21818181818181817
inter,Behavior,Education,u32,u49,0.21818181818181817
inter,Behavior,Education,u32,u50,0.21818181818181817
inter,Behavior,Education,u32,u58,0.21818181818181817
inter,Behavior,Education,u32,u59,0.21818181818181817
diag,Behavior,Education,u33,u33,1.0
inter,Behavior,Education,u34,u12,0.21818181818181817
inter,Behavior,Education,u34,u13,0.21818181818181817
inter,Behavior,Education,u34,u18,0.21818181818181817
inter,Behavior,Education,u34,u19,0.21818181818181817
inter,Behavior,Education,u34,u24,0.21818181818181817
inter,Behavior,Education,u34,u31,0.21818181818181817
diag,Behavior,Education,u34,u34,1.0
inter,Behavior,Education,u34,u43,0.21818181818181817
inter,Behavior,Education,u34,u46,0.21818181818181817
inter,Behavior,Education,u34,u49,0.21818181818181817
inter,Behavior,Education,u34,u59,0.21818181818181817
inter,Behavior,Education,u35,u24,0.14545454545454545
inter,Behavior,Education,u35,u30,0.14545454545454545
inter,Behavior,Education,u35,u31,0.14545454545454545
diag,Behavior,Education,u35,u35,1.0
inter,Behavior,Education,u35,u43,0.14545454545454545
inter,Behavior,Education,u35,u44,0.14545454545454545
inter,Behavior,Education,u35,u46,0.14545454545454545
inter,Behavior,Education,u35,u49,0.14545454545454545
inter,Behavior,Education,u35,u52,0.14545454545454545
inter,Behavior,Education,u35,u53,0.14545454545454545
inter,Behavior,Education,u35,u57,0.14545454545454545
inter,Behavior,Education,u36,u20,0.07272727272727272
inter,Behavior,Education,u36,u22,0.07272727272727272
inter,Behavior,Education,u36,u23,0.07272727272727272
inter,Behavior,Education,u36,u25,0.07272727272727272
inter,Behavior,Education,u36,u27,0.07272727272727272
inter,Behavior,Education,u36,u31,0.07272727272727272
inter,Behavior,Education,u36,u32,0.07272727272727272
inter,Behavior,Education,u36,u34,0.07272727272727272
diag,Behavior,Education,u36,u36,1.0
inter,Behavior,Education,u36,u53,0.07272727272727272
inter,Behavior,Education,u36,u58,0.07272727272727272
inter,Behavior,Education,u39,u30,0.09090909090909091
inter,Behavior,Education,u39,u31,0.09090909090909091
diag,Behavior,Education,u39,u39,1.0
inter,Behavior,Education,u39,u43,0.09090909090909091
inter,Behavior,Education,u39,u44,0.09090909090909091
inter,Behavior,Education,u39,u46,0.09090909090909091
inter,Behavior,Education,u39,u47,0.09090909090909091
inter,Behavior,Education,u39,u49,0.09090909090909091
inter,Behavior,Education,u39,u52,0.09090909090909091
inter,Behavior,Education,u39,u53,0.09090909090909091
inter,Behavior,Education,u39,u57,0.09090909090909091
inter,Behavior,Education,u41,u02,0.3
inter,Behavior,Education,u41,u19,0.3
inter,Behavior,Education,u41,u25,0.3
inter,Behavior,Education,u41,u31,0.3
diag,Behavior,Education,u41,u41,1.0
inter,Behavior,Education,u41,u46,0.3
inter,Behavior,Education,u41,u49,0.3
inter,Behavior,Education,u41,u52,0.3
inter,Behavior,Education,u41,u54,0.2930232558139535
inter,Behavior,Education,u41,u57,0.3
inter,Behavior,Education,u41,u58,0.2909090909090909
inter,Behavior,Education,u42,u22,0.17272727272727273
inter,Behavior,Education,u42,u24,0.17272727272727273
inter,Behavior,Education,u42,u30,0.17272727272727273
inter,Behavior,Education,u42,u31,0.17272727272727273
diag,Behavior,Education,u42,u42,1.0
inter,Behavior,Education,u42,u43,0.17272727272727273
inter,Behavior,Education,u42,u46,0.17272727272727273
inter,Behavior,Education,u42,u49,0.17272727272727273
inter,Behavior,Education,u42,u52,0.17272727272727273
inter,Behavior,Education,u42,u53,0.17272727272727273
inter,Behavior,Education,u42,u57,0.17272727272727273
inter,Behavior,Education,u43,u22,0.09090909090909091
inter,Behavior,Education,u43,u23,0.09090909090909091
inter,Behavior,Education,u43,u24,0.09090909090909091
inter,Behavior,Education,u43,u25,0.09090909090909091
inter,Behavior,Education,u43,u30,0.09090909090909091
inter,Behavior,Education,u43,u31,0.09090909090909091
inter,Behavior,Education,u43,u34,0.09090909090909091
inter,Behavior,Education,u43,u35,0.09090909090909091
diag,Behavior,Education,u43,u43,1.0
inter,Behavior,Education,u43,u44,0.09090909090909091
inter,Behavior,Education,u43,u58,0.09090909090909091
inter,Behavior,Education,u44,u20,0.07272727272727272
inter,Behavior,Education,u44,u22,0.07272727272727272
inter,Behavior,Education,u44,u23,0.07272727272727272
inter,Behavior,Education,u44,u24,0.07272727272727272
inter,Behavior,Education,u44,u25,0.07272727272727272
inter,Behavior,Education,u44,u27,0.07272727272727272
inter,Behavior,Education,u44,u31,0.07272727272727272
diag,Behavior,Education,u44,u44,1.0
inter,Behavior,Education,u44,u51,0.07272727272727272
inter,Behavior,Education,u44,u58,0.07272727272727272
inter,Behavior,Education,u44,u59,0.07272727272727272
inter,Behavior,Education,u45,u18,0.17272727272727273
inter,Behavior,Education,u45,u19,0.17272727272727273
inter,Behavior,Education,u45,u20,0.17272727272727273
inter,Behavior,Education,u45,u22,0.17272727272727273
inter,Behavior,Education,u45,u24,0.17272727272727273
inter,Behavior,Education,u45,u31,0.17272727272727273
inter,Behavior,Education,u45,u43,0.17272727272727273
diag,Behavior,Education,u45,u45,1.0
inter,Behavior,Education,u45,u49,0.17272727272727273
inter,Behavior,Education,u45,u52,0.17272727272727273
inter,Behavior,Education,u45,u59,0.17272727272727273
inter,Behavior,Education,u46,u22,0.05454545454545454
inter,Behavior,Education,u46,u23,0.05454545454545454
inter,Behavior,Education,u46,u24,0.05454545454545454
inter,Behavior,Education,u46,u25,0.05454545454545454
inter,Behavior,Education,u46,u27,0.05454545454545454
inter,Behavior,Education,u46,u30,0.05454545454545454
inter,Behavior,Education,u46,u32,0.05454545454545454
inter,Behavior,Education,u46,u35,0.05454545454545454
diag,Behavior,Education,u46,u46,1.0
inter,Behavior,Education,u46,u51,0.05454545454545454
inter,Behavior,Education,u46,u58,0.05454545454545454
inter,Behavior,Education,u47,u23,0.12727272727272726
inter,Behavior,Education,u47,u24,0.12727272727272726
inter,Behavior,Education,u47,u30,0.12727272727272726
inter,Behavior,Education,u47,u31,0.12727272727272726
inter,Behavior,Education,u47,u44,0.12727272727272726
inter,Behavior,Education,u47,u46,0.12727272727272726
diag,Behavior,Education,u47,u47,1.0
inter,Behavior,Education,u47,u49,0.12727272727272726
inter,Behavior,Education,u47,u52,0.12727272727272726
inter,Behavior,Education,u47,u53,0.12727272727272726
inter,Behavior,Education,u47,u57,0.12727272727272726
inter,Behavior,Education,u49,u23,0.03636363636363636
inter,Behavior,Education,u49,u25,0.03636363636363636
inter,Behavior,Education,u49,u27,0.03636363636363636
inter,Behavior,Education,u49,u30,0.03636363636363636
inter,Behavior,Education,u49,u31,0.03636363636363636
inter,Behavior,Education,u49,u32,0.03636363636363636
inter,Behavior,Education,u49,u34,0.03636363636363636
diag,Behavior,Education,u49,u49,1.0
inter,Behavior,Education,u49,u52,0.03636363636363636
inter,Behavior,Education,u49,u53,0.03636363636363636
inter,Behavior,Education,u49,u58,0.03636363636363636
inter,Behavior,Education,u50,u16,0.1636363636363636
inter,Behavior,Education,u50,u18,0.1636363636363636
inter,Behavior,Education,u50,u19,0.1636363636363636
inter,Behavior,Education,u50,u22,0.1636363636363636
inter,Behavior,Education,u50,u27,0.1636363636363636
inter,Behavior,Education,u50,u30,0.1636363636363636
inter,Behavior,Education,u50,u31,0.1636363636363636
inter,Behavior,Education,u50,u32,0.1636363636363636
inter,Behavior,Education,u50,u44,0.1636363636363636
inter,Behavior,Education,u50,u49,0.1636363636363636
diag,Behavior,Education,u50,u50,1.0
inter,Behavior,Education,u51,u08,0.22727272727272727
inter,Behavior,Education,u51,u10,0.22727272727272727
inter,Behavior,Education,u51,u13,0.22727272727272727
inter,Behavior,Education,u51,u18,0.22727272727272727
inter,Behavior,Education,u51,u19,0.22727272727272727
inter,Behavior,Education,u51,u22,0.22727272727272727
inter,Behavior,Education,u51,u31,0.22727272727272727
inter,Behavior,Education,u51,u44,0.22727272727272727
inter,Behavior,Education,u51,u46,0.22727272727272727
inter,Behavior,Education,u51,u49,0.22727272727272727
diag,Behavior,Education,u51,u51,1.0
diag,Behavior,Education,u52,u52,1.0
inter,Behavior,Education,u53,u27,0.0818181818181818
inter,Behavior,Education,u53,u31,0.0818181818181818
inter,Behavior,Education,u53,u32,0.0818181818181818
inter,Behavior,Education,u53,u34,0.0818181818181818
inter,Behavior,Education,u53,u35,0.0818181818181818
inter,Behavior,Education,u53,u45,0.0818181818181818
inter,Behavior,Education,u53,u46,0.0818181818181818
inter,Behavior,Education,u53,u47,0.0818181818181818
diag,Behavior,Education,u53,u53,1.0
inter,Behavior,Education,u53,u58,0.0818181818181818
inter,Behavior,Education,u53,u59,0.0818181818181818
diag,Behavior,Education,u54,u54,1.0
inter,Behavior,Education,u56,u22,0.05454545454545454
inter,Behavior,Education,u56,u23,0.05454545454545454
inter,Behavior,Education,u56,u25,0.05454545454545454
inter,Behavior,Education,u56,u27,0.05454545454545454
inter,Behavior,Education,u56,u31,0.05454545454545454
inter,Behavior,Education,u56,u32,0.05454545454545454
inter,Behavior,Education,u56,u34,0.05454545454545454
inter,Behavior,Education,u56,u52,0.05454545454545454
inter,Behavior,Education,u56,u53,0.05454545454545454
diag,Behavior,Education,u56,u56,1.0
inter,Behavior,Education,u56,u58,0.05454545454545454
diag,Behavior,Education,u57,u57,1.0
inter,Behavior,Education,u58,u30,0.1
inter,Behavior,Education,u58,u31,0.1
inter,Behavior,Education,u58,u32,0.1
inter,Behavior,Education,u58,u43,0.1
inter,Behavior,Education,u58,u44,0.1
inter,Behavior,Education,u58,u46,0.1
inter,Behavior,Education,u58,u49,0.1
inter,Behavior,Education,u58,u52,0.1
inter,Behavior,Education,u58,u53,0.1
inter,Behavior,Education,u58,u57,0.1
diag,Behavior,Education,u58,u58,1.0
inter,Behavior,Education,u59,u22,0.13636363636363638
inter,Behavior,Education,u59,u23,0.13636363636363638
inter,Behavior,Education,u59,u25,0.13636363636363638
inter,Behavior,Education,u59,u27,0.13636363636363638
inter,Behavior,Education,u59,u32,0.13636363636363638
inter,Behavior,Education,u59,u34,0.13636363636363638
inter,Behavior,Education,u59,u42,0.13636363636363638
inter,Behavior,Education,u59,u43,0.13636363636363638
inter,Behavior,Education,u59,u52,0.13636363636363638
inter,Behavior,Education,u59,u58,0.13636363636363638
diag,Behavior,Education,u59,u59,1.0
